price,area_m2,bedrooms,bathrooms,parking,price/m2,neighborhood
580000,92,3,3,2,6304.35,JOAQUIM TAVORA
400000,78,2,3,2,5128.21,ALDEOTA
529000,77,3,2,2,6870.13,MEIRELES
550000,158,4,2,2,3481.01,COCO
300000,108,3,2,2,2777.78,COCO
458000,78,3,2,2,5871.79,PATRIOLINO RIBEIRO
190000,147,3,3,1,1292.52,JOAQUIM TAVORA
600000,123,3,4,2,4878.05,JOAQUIM TAVORA
590000,98,3,3,2,6020.41,ALDEOTA
475000,84,3,2,2,5654.76,PARQUELANDIA
219000,104,3,3,2,2105.77,COCO
540000,94,3,3,2,5744.68,PRESIDENTE KENNEDY
800000,212,3,4,3,3773.58,PATRIOLINO RIBEIRO
650000,90,3,3,2,7222.22,FATIMA
415000,77,3,3,2,5389.61,PATRIOLINO RIBEIRO
390000,130,3,2,2,3000.0,DIONISIO TORRES
235000,64,3,2,1,3671.88,PARANGABA
490000,72,3,3,2,6805.56,ENG LUCIANO CAVALCANTE
570000,75,3,3,2,7600.0,MEIRELES
330000,70,3,1,2,4714.29,ENG LUCIANO CAVALCANTE
415000,118,3,2,2,3516.95,MUCURIPE
470000,73,3,3,2,6438.36,CENTRO
310000,72,3,3,2,4305.56,PAPICU
128000,58,3,1,1,2206.9,MESSEJANA
320000,114,3,2,2,2807.02,ALDEOTA
434724,73,3,2,2,5955.12,ENG LUCIANO CAVALCANTE
190000,140,3,4,2,1357.14,COCO
128000,58,3,2,1,2206.9,MESSEJANA
460000,70,3,2,2,6571.43,MEIRELES
529000,78,3,2,2,6782.05,ALDEOTA
200000,98,3,3,1,2040.82,MONTESE
168000,69,2,1,1,2434.78,CAJAZEIRAS
160000,44,2,1,1,3636.36,MARAPONGA
499000,75,3,1,2,6653.33,JOAQUIM TAVORA
185000,52,2,1,1,3557.69,CAJAZEIRAS
440000,55,2,2,1,8000.0,MEIRELES
480000,77,2,3,2,6233.77,MEIRELES
495000,126,3,5,2,3928.57,DE LOURDES
280000,64,3,2,2,4375.0,MONTE CASTELO
380000,162,3,3,2,2345.68,FATIMA
529000,77,3,2,2,6870.13,ALDEOTA
430000,81,3,3,2,5308.64,EDSON QUEIROZ
395000,75,2,3,2,5266.67,PATRIOLINO RIBEIRO
520000,74,3,3,2,7027.03,MEIRELES
499000,72,3,3,2,6930.56,PATRIOLINO RIBEIRO
575000,135,3,5,3,4259.26,ALDEOTA
600000,84,3,3,2,7142.86,COCO
440000,122,3,3,2,3606.56,SALINAS
560000,127,3,3,2,4409.45,DE LOURDES
230000,127,3,3,1,1811.02,MEIRELES
200000,56,2,1,1,3571.43,MARAPONGA
460000,168,3,4,2,2738.1,ALDEOTA
514000,74,3,2,2,6945.95,MEIRELES
220000,63,3,1,1,3492.06,MARAPONGA
250000,60,3,2,1,4166.67,CIDADE DOS FUNCIONARIOS
260000,65,3,2,1,4000.0,PARQUELANDIA
270000,65,3,2,2,4153.85,MESSEJANA
350000,112,3,3,2,3125.0,BENFICA
247000,76,3,2,2,3250.0,PASSARE
285000,120,4,3,3,2375.0,JOQUEI CLUBE
530000,106,3,1,2,5000.0,ALDEOTA
260000,78,3,2,2,3333.33,PRESIDENTE KENNEDY
379000,70,2,3,2,5414.29,PARQUE IRACEMA
200000,75,3,3,1,2666.67,PAPICU
210000,69,3,3,1,3043.48,DAMAS
350000,70,3,3,2,5000.0,CAMBEBA
729000,118,3,1,2,6177.97,ALDEOTA
195000,104,3,3,2,1875.0,SAO JOAO DO TAUAPE
349000,68,3,2,1,5132.35,PAPICU
215000,56,2,2,1,3839.29,MANUEL DIAS BRANCO
570000,76,3,2,1,7500.0,PRAIA DE IRACEMA
750000,245,3,5,5,3061.22,ALDEOTA
260000,100,3,3,1,2600.0,PAPICU
319000,85,3,3,2,3752.94,ALDEOTA
399000,98,2,2,1,4071.43,PATRIOLINO RIBEIRO
240000,100,3,2,1,2400.0,ALDEOTA
380000,80,2,2,2,4750.0,COCO
190000,60,2,2,2,3166.67,PAPICU
599000,145,3,4,2,4131.03,ALDEOTA
420000,74,3,2,2,5675.68,ENG LUCIANO CAVALCANTE
299000,78,2,2,1,3833.33,PAPICU
590000,99,3,3,2,5959.6,ALDEOTA
340000,116,3,1,3,2931.03,ALDEOTA
590000,94,3,3,2,6276.6,PAPICU
470000,128,3,4,2,3671.88,COCO
420000,116,3,4,2,3620.69,SALINAS
180000,70,3,3,1,2571.43,CAJAZEIRAS
122000,46,2,1,1,2652.17,PARQUE DOIS IRMAOS
550000,97,3,1,2,5670.1,MEIRELES
480000,68,3,2,2,7058.82,MEIRELES
160000,60,3,1,2,2666.67,SAPIRANGA COITE
270000,64,3,2,1,4218.75,MONTE CASTELO
620000,111,3,4,2,5585.59,ALDEOTA
550000,87,3,3,2,6321.84,FATIMA
550000,79,3,3,2,6962.03,ENG LUCIANO CAVALCANTE
369000,111,2,1,2,3324.32,MESSEJANA
280000,65,3,2,2,4307.69,MESSEJANA
159422,57,2,2,2,2796.88,MONDUBIM
650000,99,3,4,2,6565.66,COCO
140000,69,3,1,1,2028.99,DAMAS
210000,64,3,2,1,3281.25,DAMAS
788810,76,3,2,2,10379.08,ENG LUCIANO CAVALCANTE
410000,69,3,1,2,5942.03,PATRIOLINO RIBEIRO
687000,98,4,3,2,7010.2,ALDEOTA
750000,170,3,5,4,4411.76,PAPICU
349000,75,3,2,2,4653.33,CIDADE 2000
345000,73,3,2,2,4726.03,CIDADE 2000
644898,76,3,3,2,8485.5,MEIRELES
480000,89,3,2,2,5393.26,PARQUE IRACEMA
509000,98,3,4,2,5193.88,JOSE BONIFACIO
770000,93,3,4,2,8279.57,ALDEOTA
599000,115,3,4,2,5208.7,ALDEOTA
550000,113,3,3,2,4867.26,PARQUE IRACEMA
430000,74,3,2,2,5810.81,ENG LUCIANO CAVALCANTE
250000,100,3,3,1,2500.0,PAPICU
520000,96,3,3,2,5416.67,PAPICU
599000,75,3,2,2,7986.67,JOAQUIM TAVORA
390000,70,3,2,2,5571.43,FATIMA
735000,91,3,2,2,8076.92,EDSON QUEIROZ
230000,89,3,2,2,2584.27,PARANGABA
495000,68,3,2,2,7279.41,BENFICA
450000,169,3,3,2,2662.72,PAPICU
280000,65,2,3,1,4307.69,PAPICU
410000,70,2,2,2,5857.14,CIDADE DOS FUNCIONARIOS
455000,82,3,3,2,5548.78,PATRIOLINO RIBEIRO
550000,78,3,3,2,7051.28,MANUEL DIAS BRANCO
550000,74,3,3,2,7432.43,ENG LUCIANO CAVALCANTE
190000,66,3,2,1,2878.79,CIDADE DOS FUNCIONARIOS
699000,98,3,4,2,7132.65,ENG LUCIANO CAVALCANTE
280000,122,3,4,3,2295.08,FATIMA
155000,51,2,2,1,3039.22,MONDUBIM
349000,84,3,3,2,4154.76,MARAPONGA
480000,149,4,4,2,3221.48,ALDEOTA
675743,86,3,3,2,7857.48,MEIRELES
550000,126,4,4,2,4365.08,ALDEOTA
280000,64,2,2,1,4375.0,PAPICU
145000,49,2,1,1,2959.18,MESSEJANA
300000,72,3,2,2,4166.67,DAMAS
499000,75,3,3,2,6653.33,JOAQUIM TAVORA
420000,74,3,2,2,5675.68,ENG LUCIANO CAVALCANTE
579509,75,3,3,2,7726.79,CIDADE DOS FUNCIONARIOS
499000,74,3,3,2,6743.24,ENG LUCIANO CAVALCANTE
190000,44,2,1,1,4318.18,MONDUBIM
550000,79,3,3,2,6962.03,ENG LUCIANO CAVALCANTE
469000,74,3,3,2,6337.84,ENG LUCIANO CAVALCANTE
590000,114,3,4,2,5175.44,DIONISIO TORRES
675000,104,3,3,2,6490.38,COCO
435000,70,3,2,2,6214.29,FATIMA
900000,105,3,3,2,8571.43,PARQUE IRACEMA
644532,76,3,3,2,8480.68,MEIRELES
620000,111,3,5,2,5585.59,ALDEOTA
525000,74,3,3,2,7094.59,ENG LUCIANO CAVALCANTE
420000,74,3,2,2,5675.68,ENG LUCIANO CAVALCANTE
520000,80,3,3,2,6500.0,EDSON QUEIROZ
480000,120,3,3,2,4000.0,ALDEOTA
510000,82,3,3,2,6219.51,PATRIOLINO RIBEIRO
706000,89,3,2,2,7932.58,BENFICA
250000,91,3,3,2,2747.25,JACARECANGA
199000,67,3,2,1,2970.15,SAO GERARDO
479900,89,3,2,2,5392.13,PARQUE IRACEMA
650000,98,3,4,2,6632.65,ALDEOTA
680000,65,2,2,1,10461.54,ALDEOTA
380000,200,3,4,2,1900.0,PRAIA DO FUTURO I
551250,74,3,3,2,7449.32,ENG LUCIANO CAVALCANTE
379000,105,3,3,1,3609.52,ALDEOTA
499000,73,2,3,2,6835.62,PATRIOLINO RIBEIRO
450000,99,3,3,2,4545.45,COCO
185000,51,2,2,1,3627.45,PASSARE
586400,109,3,4,2,5379.82,PAPICU
280000,66,2,2,1,4242.42,MUCURIPE
190000,120,3,1,1,1583.33,JOAQUIM TAVORA
480000,75,3,3,2,6400.0,JOAQUIM TAVORA
290000,70,3,3,1,4142.86,VICENTE PINZON
599000,75,3,2,2,7986.67,JOAQUIM TAVORA
510000,79,3,3,2,6455.7,MANUEL DIAS BRANCO
597000,195,4,4,4,3061.54,ENG LUCIANO CAVALCANTE
579000,92,3,4,2,6293.48,COCO
550000,130,3,5,2,4230.77,DE LOURDES
550000,122,3,2,2,4508.2,COCO
730000,118,3,4,2,6186.44,DIONISIO TORRES
517000,100,3,4,2,5170.0,FATIMA
650000,122,4,4,2,5327.87,PARQUE IRACEMA
220000,130,3,2,2,1692.31,PASSARE
240000,125,3,1,2,1920.0,ALDEOTA
480000,56,2,2,1,8571.43,MEIRELES
325000,69,3,2,2,4710.14,ENG LUCIANO CAVALCANTE
479900,88,3,4,2,5453.41,PARQUE IRACEMA
240000,85,3,3,2,2823.53,VICENTE PINZON
380000,98,3,3,2,3877.55,MEIRELES
630000,88,3,4,2,7159.09,ALDEOTA
195000,70,2,2,2,2785.71,DIONISIO TORRES
280000,72,3,2,2,3888.89,MESSEJANA
380000,80,3,3,2,4750.0,MUCURIPE
340000,135,3,3,2,2518.52,PAPICU
160000,70,3,1,1,2285.71,PAPICU
280000,140,3,3,2,2000.0,DIONISIO TORRES
140000,65,3,1,1,2153.85,EDSON QUEIROZ
692000,94,3,3,2,7361.7,PAPICU
600000,126,3,4,2,4761.9,VARJOTA
160000,95,3,2,1,1684.21,PARANGABA
440000,106,3,3,2,4150.94,COCO
180000,76,3,2,1,2368.42,MONTESE
597000,77,3,3,2,7753.25,ENG LUCIANO CAVALCANTE
210000,74,3,2,1,2837.84,MESSEJANA
995000,122,3,1,3,8155.74,MEIRELES
505000,101,3,4,2,5000.0,JOSE BONIFACIO
651000,90,3,3,2,7233.33,PATRIOLINO RIBEIRO
375000,74,3,3,2,5067.57,CAMBEBA
380000,129,3,3,2,2945.74,VARJOTA
399000,56,2,2,2,7125.0,FATIMA
590000,74,3,3,2,7972.97,MEIRELES
210000,65,3,2,2,3230.77,PASSARE
550000,140,3,5,2,3928.57,MEIRELES
420000,74,3,4,2,5675.68,ENG LUCIANO CAVALCANTE
220000,130,3,2,2,1692.31,PASSARE
590000,105,3,4,2,5619.05,ENG LUCIANO CAVALCANTE
550000,82,3,4,2,6707.32,EDSON QUEIROZ
385000,72,3,2,2,5347.22,SAO GERARDO
620000,111,3,4,2,5585.59,ALDEOTA
279000,71,3,2,2,3929.58,MARAPONGA
420000,74,3,2,2,5675.68,ENG LUCIANO CAVALCANTE
600000,114,3,3,2,5263.16,CIDADE DOS FUNCIONARIOS
250000,54,2,2,1,4629.63,PARQUE DOIS IRMAOS
390000,130,3,4,2,3000.0,ALDEOTA
355000,65,3,3,2,5461.54,FATIMA
290000,119,3,3,2,2436.97,FATIMA
285000,105,3,2,2,2714.29,CENTRO
359000,91,3,3,2,3945.05,COCO
550000,130,3,4,2,4230.77,VARJOTA
179000,60,3,2,1,2983.33,MESSEJANA
299000,69,3,2,2,4333.33,PARANGABA
500000,80,2,2,1,6250.0,MEIRELES
669600,130,3,4,2,5150.77,PAPICU
180000,72,3,1,2,2500.0,MESSEJANA
450000,80,3,1,2,5625.0,EDSON QUEIROZ
370000,135,3,4,2,2740.74,DIONISIO TORRES
590000,96,3,3,2,6145.83,COCO
180000,71,3,2,2,2535.21,SAO GERARDO
530000,81,3,3,2,6543.21,ALDEOTA
465000,70,3,2,2,6642.86,ENG LUCIANO CAVALCANTE
230000,123,3,3,2,1869.92,JOSE BONIFACIO
535000,75,3,2,2,7133.33,COCO
669000,130,3,4,2,5146.15,PAPICU
350000,62,3,2,1,5645.16,MUCURIPE
529999,96,3,3,2,5520.82,DIONISIO TORRES
350000,100,3,2,3,3500.0,PAPICU
250000,60,3,3,2,4166.67,SAPIRANGA COITE
499000,80,2,3,2,6237.5,MUCURIPE
580000,118,3,4,3,4915.25,DIONISIO TORRES
592700,105,3,3,2,5644.76,ENG LUCIANO CAVALCANTE
200000,134,3,2,1,1492.54,DIONISIO TORRES
590000,97,3,4,2,6082.47,MANUEL DIAS BRANCO
585000,71,3,1,2,8239.44,ENG LUCIANO CAVALCANTE
390000,130,3,3,2,3000.0,DIONISIO TORRES
199999,63,3,2,2,3174.59,ENG LUCIANO CAVALCANTE
153000,66,2,2,1,2318.18,JOSE DE ALENCAR
593000,94,3,1,2,6308.51,PRESIDENTE KENNEDY
589999,105,3,3,2,5619.04,MUCURIPE
460000,74,3,3,2,6216.22,MEIRELES
651816,95,3,1,2,6861.22,COCO
320000,152,3,4,2,2105.26,VICENTE PINZON
599000,150,3,4,2,3993.33,ALDEOTA
240000,65,3,2,2,3692.31,PASSARE
569999,100,3,3,2,5699.99,DIONISIO TORRES
350000,62,2,2,1,5645.16,PRAIA DE IRACEMA
245000,75,3,3,2,3266.67,ALDEOTA
680000,84,3,4,2,8095.24,COCO
680000,110,3,4,3,6181.82,MEIRELES
310000,56,2,2,1,5535.71,PAPICU
750000,120,4,4,3,6250.0,COCO
300000,69,3,1,2,4347.83,PAPICU
460000,95,3,4,2,4842.11,FATIMA
295000,124,3,3,2,2379.03,DIONISIO TORRES
220000,107,3,2,2,2056.07,PAPICU
295000,90,3,3,1,3277.78,CENTRO
160000,80,3,2,1,2000.0,PAPICU
350000,109,3,3,2,3211.01,PAPICU
579900,120,3,4,2,4832.5,ALDEOTA
595000,112,4,4,3,5312.5,ENG LUCIANO CAVALCANTE
400000,165,3,1,1,2424.24,DIONISIO TORRES
490000,74,3,3,2,6621.62,MEIRELES
225000,85,3,2,1,2647.06,SAPIRANGA COITE
599000,109,3,4,2,5495.41,MEIRELES
410000,137,3,3,2,2992.7,PAPICU
950000,120,3,4,3,7916.67,ALDEOTA
676666,110,3,4,2,6151.51,ALDEOTA
220000,128,3,1,2,1718.75,FATIMA
490000,100,3,3,2,4900.0,FATIMA
390000,174,3,4,2,2241.38,PAPICU
210000,61,3,2,1,3442.62,PASSARE
370000,99,4,4,2,3737.37,BENFICA
240000,58,3,1,2,4137.93,PARQUE DOIS IRMAOS
260000,84,3,1,1,3095.24,MESSEJANA
300000,115,3,2,2,2608.7,DIONISIO TORRES
675000,104,3,3,2,6490.38,COCO
365000,124,3,3,2,2943.55,JOAQUIM TAVORA
700000,97,3,4,2,7216.49,DE LOURDES
619000,200,3,2,5,3095.0,DIONISIO TORRES
385000,115,3,3,2,3347.83,JOAQUIM TAVORA
690000,76,3,2,2,9078.95,ENG LUCIANO CAVALCANTE
470000,119,3,3,2,3949.58,PAPICU
390000,133,3,2,2,2932.33,COCO
710000,89,3,3,2,7977.53,FATIMA
375518,75,3,2,2,5006.91,VICENTE PINZON
240000,76,3,1,2,3157.89,MARAPONGA
599000,114,3,4,2,5254.39,DIONISIO TORRES
580000,100,4,4,2,5800.0,COCO
490000,82,3,3,2,5975.61,MEIRELES
529000,76,3,4,2,6960.53,MEIRELES
645000,364,5,6,3,1771.98,PRAIA DO FUTURO I
215000,102,3,2,2,2107.84,ALDEOTA
443350,81,3,2,1,5473.46,DAMAS
229999,110,3,2,1,2090.9,FATIMA
400000,170,3,4,3,2352.94,ALDEOTA
199000,66,1,2,1,3015.15,PRAIA DO FUTURO
435000,80,2,2,2,5437.5,MEIRELES
225000,63,3,2,1,3571.43,SAPIRANGA COITE
550000,90,3,3,2,6111.11,VILA UNIAO
180000,83,3,1,2,2168.67,VILA UNIAO
620000,111,3,4,2,5585.59,ALDEOTA
429100,70,3,2,2,6130.0,ENG LUCIANO CAVALCANTE
539000,82,3,3,2,6573.17,ENG LUCIANO CAVALCANTE
480000,74,3,3,2,6486.49,CAMBEBA
150000,66,3,2,1,2272.73,CAJAZEIRAS
199000,86,3,3,1,2313.95,VILA UNIAO
359999,121,3,3,2,2975.2,ALDEOTA
499550,70,2,3,2,7136.43,PATRIOLINO RIBEIRO
950000,205,4,5,5,4634.15,MEIRELES
990000,143,4,4,3,6923.08,PATRIOLINO RIBEIRO
550000,112,3,4,2,4910.71,FATIMA
295000,94,3,2,1,3138.3,ALDEOTA
200000,45,2,1,5,4444.44,PARQUE IRACEMA
245000,82,2,2,2,2987.8,PARQUE DOIS IRMAOS
720000,105,3,3,2,6857.14,VARJOTA
564000,88,3,3,2,6409.09,DE LOURDES
700000,112,3,3,2,6250.0,COCO
589999,135,4,3,2,4370.36,DIONISIO TORRES
350000,84,3,2,1,4166.67,ALDEOTA
480000,120,3,3,2,4000.0,JOAQUIM TAVORA
330000,61,2,2,2,5409.84,CAMBEBA
645000,76,3,1,2,8486.84,MEIRELES
450000,78,2,2,1,5769.23,MEIRELES
359000,91,3,3,2,3945.05,COCO
410000,176,3,4,2,2329.55,JOSE DE ALENCAR
350000,88,3,2,2,3977.27,PARQUE IRACEMA
330000,112,3,2,2,2946.43,PAPICU
690000,220,3,5,4,3136.36,ALDEOTA
360000,136,3,1,2,2647.06,MANUEL DIAS BRANCO
380000,68,3,3,2,5588.24,PAPICU
390000,105,3,4,2,3714.29,FATIMA
250000,82,3,3,1,3048.78,CENTRO
720000,122,3,4,2,5901.64,CIDADE DOS FUNCIONARIOS
320000,67,2,2,2,4776.12,PRAIA DO FUTURO I
240000,70,3,2,1,3428.57,JOQUEI CLUBE
680000,109,3,3,2,6238.53,MEIRELES
350000,84,3,2,1,4166.67,COCO
260000,60,2,2,1,4333.33,VARJOTA
360000,129,3,3,2,2790.7,FATIMA
340000,91,3,4,2,3736.26,DIONISIO TORRES
505000,86,3,2,2,5872.09,CENTRO
699000,91,3,4,2,7681.32,MEIRELES
334999,75,3,3,2,4466.65,COCO
440000,122,3,3,2,3606.56,SALINAS
275000,74,2,2,1,3716.22,MESSEJANA
420000,74,3,2,2,5675.68,CAMBEBA
365000,124,3,4,2,2943.55,ALDEOTA
640000,92,3,3,2,6956.52,COCO
220000,67,3,2,2,3283.58,MONDUBIM
185000,71,2,2,1,2605.63,PAPICU
550000,101,3,3,2,5445.54,JOSE BONIFACIO
249000,65,3,2,2,3830.77,SAO GERARDO
250000,72,3,2,1,3472.22,SAO GERARDO
480000,68,3,2,2,7058.82,CENTRO
479900,89,3,1,2,5392.13,PARQUE IRACEMA
479900,89,3,1,2,5392.13,CAMBEBA
215000,81,3,2,1,2654.32,MONTESE
275000,75,3,2,1,3666.67,MESSEJANA
180000,65,3,2,2,2769.23,PASSARE
320000,70,3,2,4,4571.43,EDSON QUEIROZ
656568,84,3,1,2,7816.29,COCO
289000,61,3,3,2,4737.7,PARANGABA
240000,76,3,2,2,3157.89,MARAPONGA
175000,63,3,2,2,2777.78,MESSEJANA
575000,96,3,2,1,5989.58,COCO
429999,135,4,3,2,3185.18,MEIRELES
460000,75,3,2,2,6133.33,FATIMA
475000,78,3,3,2,6089.74,PAPICU
239999,66,3,2,1,3636.35,MANUEL DIAS BRANCO
426999,69,3,2,2,6188.39,ENG LUCIANO CAVALCANTE
480000,101,3,2,2,4752.48,FATIMA
330000,58,2,2,2,5689.66,FATIMA
550000,113,3,3,2,4867.26,PARQUE IRACEMA
750000,87,3,4,2,8620.69,ALDEOTA
450000,104,3,3,2,4326.92,ALDEOTA
220000,68,3,2,2,3235.29,PATRIOLINO RIBEIRO
410000,122,3,3,2,3360.66,ALDEOTA
339999,84,3,3,2,4047.61,ALDEOTA
550000,74,3,3,2,7432.43,ENG LUCIANO CAVALCANTE
351000,92,3,2,2,3815.22,FATIMA
290000,73,3,2,2,3972.6,PASSARE
260000,75,3,2,2,3466.67,MONDUBIM
600000,177,3,4,2,3389.83,DIONISIO TORRES
475000,90,3,3,2,5277.78,PAPICU
349999,133,3,4,2,2631.57,VICENTE PINZON
250000,115,3,2,2,2173.91,VICENTE PINZON
430000,74,3,2,2,5810.81,ENG LUCIANO CAVALCANTE
723000,90,3,3,2,8033.33,CIDADE DOS FUNCIONARIOS
460000,74,3,2,2,6216.22,ENG LUCIANO CAVALCANTE
220000,76,3,2,1,2894.74,CIDADE DOS FUNCIONARIOS
440000,70,2,1,2,6285.71,COCO
530000,92,3,3,2,5760.87,JOAQUIM TAVORA
364999,116,4,3,2,3146.54,CENTRO
220000,110,3,2,2,2000.0,DAMAS
270000,79,3,2,1,3417.72,ALDEOTA
599000,160,3,3,1,3743.75,MEIRELES
429000,73,3,3,2,5876.71,PRESIDENTE KENNEDY
680000,117,3,3,3,5811.97,ALDEOTA
280000,129,4,4,2,2170.54,PAPICU
295000,94,3,3,1,3138.3,ALDEOTA
159900,67,3,2,2,2386.57,PASSARE
345000,69,2,2,1,5000.0,MUCURIPE
169000,60,3,2,1,2816.67,MESSEJANA
549999,135,4,4,3,4074.07,DIONISIO TORRES
420000,86,3,2,2,4883.72,SAO GERARDO
598000,88,3,3,2,6795.45,MANUEL DIAS BRANCO
280000,122,3,4,2,2295.08,FATIMA
319000,120,3,4,2,2658.33,PAPICU
650000,100,3,4,2,6500.0,SAPIRANGA COITE
380000,120,3,3,2,3166.67,CIDADE 2000
145000,68,2,2,1,2132.35,MONDUBIM
320000,70,3,2,4,4571.43,EDSON QUEIROZ
580000,171,3,3,2,3391.81,ALDEOTA
350000,70,3,3,2,5000.0,MEIRELES
549999,124,4,4,2,4435.48,DIONISIO TORRES
620000,95,3,1,2,6526.32,ALDEOTA
400000,108,3,4,2,3703.7,COCO
530000,124,3,2,2,4274.19,MEIRELES
300000,119,3,2,1,2521.01,COCO
500000,86,3,2,2,5813.95,JOSE BONIFACIO
220000,99,3,2,2,2222.22,COCO
390000,70,2,2,2,5571.43,ALDEOTA
410000,91,3,1,2,4505.49,DIONISIO TORRES
564999,111,4,4,2,5090.08,COCO
550000,88,3,3,2,6250.0,MANUEL DIAS BRANCO
240000,63,2,3,1,3809.52,PAPICU
150000,75,3,2,1,2000.0,EDSON QUEIROZ
350000,100,3,3,1,3500.0,COCO
569999,93,3,3,2,6129.02,MEIRELES
173000,48,2,1,1,3604.17,JOQUEI CLUBE
335000,72,3,3,2,4652.78,ENG LUCIANO CAVALCANTE
400000,60,3,1,2,6666.67,FATIMA
260000,71,3,2,1,3661.97,PRESIDENTE KENNEDY
550000,114,3,4,2,4824.56,DIONISIO TORRES
330000,85,3,3,1,3882.35,PAPICU
540818,90,3,3,2,6009.09,CAMBEBA
544284,89,3,3,2,6115.55,PARQUE IRACEMA
524898,74,3,3,2,7093.22,ENG LUCIANO CAVALCANTE
170000,72,3,2,2,2361.11,JACARECANGA
380000,163,3,1,2,2331.29,FATIMA
240000,65,3,2,2,3692.31,MONTESE
160000,90,3,2,1,1777.78,EDSON QUEIROZ
190000,60,2,1,1,3166.67,CIDADE 2000
570000,83,3,1,2,6867.47,ALDEOTA
380000,112,3,3,2,3392.86,MUCURIPE
350000,60,2,1,1,5833.33,PRAIA DE IRACEMA
350000,154,5,5,1,2272.73,MEIRELES
285000,66,3,2,1,4318.18,PASSARE
712915,90,3,3,2,7921.28,PATRIOLINO RIBEIRO
180000,70,3,1,1,2571.43,MESSEJANA
480000,70,3,3,2,6857.14,ENG LUCIANO CAVALCANTE
340000,119,3,4,2,2857.14,PAPICU
340000,105,3,3,2,3238.1,PAPICU
250000,86,3,2,1,2906.98,SAPIRANGA COITE
649000,95,3,3,2,6831.58,COCO
215000,66,3,2,2,3257.58,MESSEJANA
290000,117,4,3,2,2478.63,FATIMA
210000,81,3,3,1,2592.59,VILA UNIAO
160000,50,1,2,1,3200.0,MESSEJANA
549999,162,4,5,3,3395.06,PAPICU
377000,69,3,3,2,5463.77,ENG LUCIANO CAVALCANTE
550000,86,3,2,2,6395.35,JOSE BONIFACIO
530000,149,3,3,2,3557.05,COCO
566740,81,3,2,2,6996.79,ENG LUCIANO CAVALCANTE
290000,75,2,2,1,3866.67,ALDEOTA
699000,106,3,3,2,6594.34,VARJOTA
349000,75,3,2,2,4653.33,COCO
350000,75,3,2,2,4666.67,DIONISIO TORRES
599000,111,3,4,2,5396.4,ALDEOTA
480000,82,3,3,2,5853.66,PATRIOLINO RIBEIRO
350000,112,3,1,2,3125.0,PAPICU
480000,94,3,4,2,5106.38,PARQUELANDIA
349000,70,3,2,1,4985.71,PAPICU
619000,95,3,4,2,6515.79,COCO
650000,98,4,1,2,6632.65,ALDEOTA
590000,212,3,4,2,2783.02,ALDEOTA
525000,74,3,3,2,7094.59,PATRIOLINO RIBEIRO
510000,79,3,3,2,6455.7,ALDEOTA
135000,45,2,1,1,3000.0,MESSEJANA
549999,74,3,3,2,7432.42,MEIRELES
220000,63,3,2,1,3492.06,MONDUBIM
565000,77,2,3,2,7337.66,MEIRELES
385000,86,3,3,2,4476.74,CIDADE DOS FUNCIONARIOS
219900,107,3,2,1,2055.14,JOSE BONIFACIO
589999,135,4,4,2,4370.36,MEIRELES
736000,91,3,1,2,8087.91,MEIRELES
580000,124,3,3,2,4677.42,ALDEOTA
599000,86,2,3,2,6965.12,MUCURIPE
200000,91,4,3,2,2197.8,VARJOTA
240000,76,3,1,2,3157.89,MARAPONGA
260000,110,3,2,3,2363.64,FATIMA
710000,90,3,1,2,7888.89,ALDEOTA
480000,72,1,2,1,6666.67,PRAIA DE IRACEMA
595000,90,3,3,2,6611.11,CENTRO
599000,105,3,3,2,5704.76,CAMBEBA
799000,120,3,4,3,6658.33,PARQUE IRACEMA
549999,140,4,3,2,3928.56,MEIRELES
380000,95,3,3,2,4000.0,PAPICU
145000,75,2,2,1,1933.33,ALVARO WEYNE
710000,91,3,3,2,7802.2,MEIRELES
350000,109,3,3,2,3211.01,PAPICU
460000,84,3,3,2,5476.19,PARQUELANDIA
377000,70,3,3,2,5385.71,ENG LUCIANO CAVALCANTE
440000,89,3,3,2,4943.82,COCO
450000,74,3,2,1,6081.08,COCO
700000,99,3,3,2,7070.71,COCO
470000,142,3,4,2,3309.86,PATRIOLINO RIBEIRO
450000,90,3,3,2,5000.0,JOSE BONIFACIO
610000,100,3,3,2,6100.0,CENTRO
280000,71,3,2,2,3943.66,MARAPONGA
200000,69,3,3,1,2898.55,DAMAS
350000,120,3,4,2,2916.67,COCO
690000,157,3,4,3,4394.9,ALDEOTA
550000,105,3,2,2,5238.1,JOSE BONIFACIO
350000,80,3,2,1,4375.0,MEIRELES
500000,86,3,2,2,5813.95,CENTRO
550000,74,3,2,2,7432.43,MEIRELES
410000,70,3,3,2,5857.14,ENG LUCIANO CAVALCANTE
556000,86,2,3,2,6465.12,MUCURIPE
520000,124,3,4,2,4193.55,VARJOTA
438900,85,3,1,1,5163.53,MONTE CASTELO
550000,82,3,4,2,6707.32,PATRIOLINO RIBEIRO
654000,100,3,4,2,6540.0,SAPIRANGA COITE
477000,75,3,2,2,6360.0,MANUEL DIAS BRANCO
298000,70,3,4,2,4257.14,PAPICU
405000,85,3,2,2,4764.71,SAO GERARDO
300000,85,3,3,2,3529.41,ENG LUCIANO CAVALCANTE
480000,120,3,4,2,4000.0,PAPICU
390000,110,3,3,2,3545.45,FATIMA
525000,74,3,1,2,7094.59,ENG LUCIANO CAVALCANTE
440000,114,3,1,2,3859.65,MEIRELES
490000,75,3,2,2,6533.33,BENFICA
500000,76,3,2,2,6578.95,ENG LUCIANO CAVALCANTE
500000,76,3,3,2,6578.95,ENG LUCIANO CAVALCANTE
555000,140,3,5,2,3964.29,DIONISIO TORRES
250000,71,2,2,1,3521.13,JOSE BONIFACIO
219000,65,3,2,2,3369.23,MARAPONGA
250000,116,3,2,2,2155.17,COCO
430000,270,3,5,3,1592.59,ALDEOTA
480000,80,3,3,2,6000.0,COCO
480000,161,3,4,2,2981.37,ALDEOTA
280000,69,3,2,1,4057.97,DAMAS
658214,96,3,3,2,6856.4,FATIMA
350000,96,4,3,2,3645.83,MONTE CASTELO
479325,86,3,4,2,5573.55,SAO GERARDO
459999,120,4,3,2,3833.32,MEIRELES
774000,123,3,3,2,6292.68,COCO
529999,74,3,3,2,7162.15,MEIRELES
199900,75,3,2,1,2665.33,ENG LUCIANO CAVALCANTE
260000,74,3,2,1,3513.51,SAO GERARDO
650000,177,3,4,2,3672.32,ALDEOTA
238999,60,3,2,2,3983.32,PATRIOLINO RIBEIRO
549999,112,4,4,2,4910.71,ALDEOTA
630000,180,4,3,2,3500.0,PRAIA DE IRACEMA
505000,86,3,3,2,5872.09,FATIMA
240000,92,3,1,1,2608.7,JOAQUIM TAVORA
300000,113,3,2,2,2654.87,FATIMA
460000,68,3,2,2,6764.71,PATRIOLINO RIBEIRO
330000,92,3,1,1,3586.96,FATIMA
170000,76,2,2,1,2236.84,MONTESE
562733,74,3,3,2,7604.5,ENG LUCIANO CAVALCANTE
380000,95,3,3,2,4000.0,PAPICU
549999,115,4,4,2,4782.6,ALDEOTA
370000,55,2,2,1,6727.27,FATIMA
479325,86,3,4,2,5573.55,SAO GERARDO
210000,92,4,2,1,2282.61,MONTESE
230000,78,3,1,1,2948.72,VILA UNIAO
499000,111,3,3,2,4495.5,DIONISIO TORRES
760000,118,3,4,2,6440.68,DIONISIO TORRES
687000,99,4,3,2,6939.39,ALDEOTA
650000,122,3,4,2,5327.87,CIDADE DOS FUNCIONARIOS
399000,108,3,4,2,3694.44,COCO
230000,55,3,2,2,4181.82,JACARECANGA
245000,76,3,1,1,3223.68,MARAPONGA
378999,80,3,3,2,4737.49,PATRIOLINO RIBEIRO
580000,139,3,1,3,4172.66,JOAQUIM TAVORA
249999,60,2,2,2,4166.65,CIDADE DOS FUNCIONARIOS
230000,124,3,2,1,1854.84,PRAIA DO FUTURO
260000,120,3,3,1,2166.67,VILA UNIAO
510989,91,3,3,2,5615.26,PARQUE IRACEMA
199000,65,3,2,1,3061.54,MONTESE
770000,91,3,3,2,8461.54,EDSON QUEIROZ
445000,130,3,2,2,3423.08,ALDEOTA
837000,111,3,3,3,7540.54,ALDEOTA
350000,106,3,4,2,3301.89,VARJOTA
465999,70,2,2,2,6657.13,ENG LUCIANO CAVALCANTE
458100,90,3,3,2,5090.0,FATIMA
590000,100,3,3,2,5900.0,ALDEOTA
350000,88,3,2,2,3977.27,CAMBEBA
430000,101,3,4,2,4257.43,VARJOTA
525000,92,3,3,2,5706.52,PRAIA DE IRACEMA
499000,79,3,3,2,6316.46,PAPICU
280000,74,2,2,2,3783.78,PASSARE
370000,106,4,3,2,3490.57,ALDEOTA
630000,100,3,5,2,6300.0,ALDEOTA
549000,80,3,3,2,6862.5,EDSON QUEIROZ
550000,67,3,3,2,8208.96,ALDEOTA
479999,120,4,4,2,3999.99,DIONISIO TORRES
480000,76,3,2,2,6315.79,ENG LUCIANO CAVALCANTE
430000,94,3,2,2,4574.47,VARJOTA
629000,91,3,3,2,6912.09,EDSON QUEIROZ
360000,116,3,2,2,3103.45,ALDEOTA
590000,89,2,3,2,6629.21,MEIRELES
340000,71,3,1,2,4788.73,ENG LUCIANO CAVALCANTE
500000,97,3,3,1,5154.64,MEIRELES
735000,96,3,4,2,7656.25,JOSE BONIFACIO
350000,68,2,2,1,5147.06,PRAIA DE IRACEMA
590000,117,3,1,2,5042.74,SALINAS
550000,126,3,4,2,4365.08,DIONISIO TORRES
484999,95,3,3,2,5105.25,PARQUE IRACEMA
599000,115,3,4,2,5208.7,DIONISIO TORRES
620000,125,3,5,3,4960.0,JOAQUIM TAVORA
420000,133,4,4,2,3157.89,ALDEOTA
235000,67,3,2,2,3507.46,MONDUBIM
199999,55,2,2,1,3636.35,CAMBEBA
250000,64,3,2,2,3906.25,PARANGABA
594000,70,3,2,2,8485.71,ENG LUCIANO CAVALCANTE
185000,65,3,2,1,2846.15,PAPICU
430000,90,3,3,2,4777.78,DIONISIO TORRES
299000,65,3,1,1,4600.0,CENTRO
470000,87,3,3,2,5402.3,MEIRELES
430000,96,3,3,2,4479.17,CENTRO
240000,90,3,2,1,2666.67,PAPICU
219000,84,3,2,1,2607.14,CIDADE DOS FUNCIONARIOS
309999,110,4,4,3,2818.17,PAPICU
599000,126,3,3,3,4753.97,DIONISIO TORRES
460000,84,3,3,2,5476.19,COCO
499000,124,3,4,2,4024.19,ALDEOTA
280000,64,3,2,2,4375.0,CAMBEBA
490000,120,3,4,3,4083.33,VILA UNIAO
420000,70,3,3,2,6000.0,JOAQUIM TAVORA
450000,145,3,3,2,3103.45,PAPICU
178000,70,3,2,1,2542.86,VICENTE PINZON
218999,60,3,2,1,3649.98,PASSARE
590000,200,3,4,3,2950.0,MEIRELES
369000,56,2,2,1,6589.29,MEIRELES
155000,66,3,2,1,2348.48,CAJAZEIRAS
243000,65,3,2,2,3738.46,MESSEJANA
260000,76,3,1,1,3421.05,DAMAS
370000,100,3,3,2,3700.0,PAPICU
248000,72,3,3,1,3444.44,DAMAS
524999,117,4,4,3,4487.17,MEIRELES
460000,71,2,3,2,6478.87,MEIRELES
699336,90,3,2,2,7770.4,PARQUE IRACEMA
475000,77,3,3,2,6168.83,PATRIOLINO RIBEIRO
480000,70,3,2,2,6857.14,PATRIOLINO RIBEIRO
559999,106,4,4,2,5283.01,JOAQUIM TAVORA
440000,93,3,3,2,4731.18,MEIRELES
360000,125,3,1,2,2880.0,VARJOTA
360000,124,3,2,2,2903.23,MESSEJANA
560000,133,3,5,3,4210.53,ALDEOTA
350000,105,3,2,2,3333.33,PAPICU
399950,85,3,3,2,4705.29,PARANGABA
550000,280,4,4,3,1964.29,ALDEOTA
520000,89,3,3,2,5842.7,CAMBEBA
240000,85,3,3,2,2823.53,VICENTE PINZON
219999,60,3,2,1,3666.65,CAMBEBA
590000,100,3,3,2,5900.0,ALDEOTA
520000,87,3,3,2,5977.01,SAO GERARDO
500000,92,3,4,2,5434.78,PAPICU
224999,62,3,2,1,3629.02,PARQUE IRACEMA
690000,110,3,4,2,6272.73,SALINAS
410000,77,3,3,2,5324.68,PARQUELANDIA
1085995,120,3,3,2,9049.96,ALDEOTA
210000,72,3,1,1,2916.67,DAMAS
530000,150,3,3,3,3533.33,ALDEOTA
200000,63,3,2,2,3174.6,PAPICU
310000,81,3,2,2,3827.16,ENG LUCIANO CAVALCANTE
550000,218,3,4,2,2522.94,ALDEOTA
620000,95,3,3,2,6526.32,MEIRELES
650000,162,4,5,3,4012.35,COCO
175000,72,3,2,1,2430.56,SAO GERARDO
525000,77,3,2,2,6818.18,ALDEOTA
548999,83,3,3,2,6614.45,ALDEOTA
350000,70,3,3,2,5000.0,COCO
400000,57,2,2,2,7017.54,PARQUE IRACEMA
505000,73,1,1,2,6917.81,ENG LUCIANO CAVALCANTE
450000,137,3,3,2,3284.67,DIONISIO TORRES
670000,110,3,3,2,6090.91,ENG LUCIANO CAVALCANTE
530000,90,3,3,2,5888.89,MEIRELES
309999,65,3,3,2,4769.22,PATRIOLINO RIBEIRO
200000,63,3,2,1,3174.6,MONDUBIM
370000,109,3,2,2,3394.5,PAPICU
479000,77,3,2,2,6220.78,ENG LUCIANO CAVALCANTE
644999,76,3,3,2,8486.83,MEIRELES
499000,79,3,4,2,6316.46,MANUEL DIAS BRANCO
460000,85,2,3,2,5411.76,PARQUELANDIA
350000,70,3,3,1,5000.0,PAPICU
250000,67,3,2,2,3731.34,CAMBEBA
280000,96,3,3,1,2916.67,FATIMA
450000,82,3,3,2,5487.8,PATRIOLINO RIBEIRO
350000,126,3,3,1,2777.78,PRAIA DE IRACEMA
770000,117,3,4,2,6581.2,FATIMA
214303,67,3,2,1,3198.55,LAGOA REDONDA
440000,89,3,2,2,4943.82,COCO
444801,81,3,2,2,5491.37,DAMAS
680000,140,3,3,2,4857.14,ALDEOTA
200000,97,3,2,1,2061.86,PAPICU
430000,133,3,2,2,3233.08,COCO
240000,76,3,2,2,3157.89,MARAPONGA
230000,77,3,2,1,2987.01,FATIMA
360000,106,3,3,1,3396.23,JACARECANGA
280000,113,3,3,1,2477.88,MEIRELES
250000,73,3,2,1,3424.66,SAO GERARDO
458000,78,3,4,2,5871.79,PATRIOLINO RIBEIRO
230000,56,2,1,2,4107.14,PARQUE DOIS IRMAOS
499000,70,3,2,2,7128.57,MEIRELES
250000,56,3,1,1,4464.29,MONDUBIM
280000,60,3,3,2,4666.67,SAPIRANGA COITE
670000,98,3,1,2,6836.73,COCO
599999,160,5,5,3,3749.99,DIONISIO TORRES
560000,210,3,4,2,2666.67,FATIMA
350000,132,3,1,4,2651.52,DIONISIO TORRES
295000,86,3,2,1,3430.23,SAO GERARDO
680000,99,3,3,2,6868.69,COCO
599999,98,4,4,2,6122.44,MEIRELES
359000,97,3,3,2,3701.03,ALDEOTA
145000,64,3,2,1,2265.62,MESSEJANA
520000,92,3,4,2,5652.17,FATIMA
549999,99,3,3,2,5555.55,PARQUE IRACEMA
160000,83,3,2,1,1927.71,MARAPONGA
700000,249,3,4,3,2811.24,ALDEOTA
285000,65,3,2,1,4384.62,PASSARE
320000,63,2,1,1,5079.37,SAO GERARDO
520000,124,3,2,2,4193.55,ALDEOTA
439000,131,3,3,2,3351.15,ALDEOTA
550000,123,3,4,2,4471.54,ALDEOTA
600000,96,3,3,2,6250.0,FATIMA
529000,89,3,3,2,5943.82,PARQUELANDIA
215000,64,3,2,2,3359.38,PASSARE
250000,68,2,2,2,3676.47,PRAIA DO FUTURO
639000,203,3,4,3,3147.78,ALDEOTA
235000,65,3,2,2,3615.38,CAMBEBA
350000,92,4,3,2,3804.35,ENG LUCIANO CAVALCANTE
629999,80,3,3,2,7874.99,ALDEOTA
750000,123,3,3,2,6097.56,FATIMA
320000,140,3,2,2,2285.71,COCO
290000,126,4,4,2,2301.59,COCO
720000,113,3,4,2,6371.68,CIDADE DOS FUNCIONARIOS
499000,73,2,3,2,6835.62,PATRIOLINO RIBEIRO
440000,120,3,4,2,3666.67,ALDEOTA
499999,132,4,3,2,3787.87,ALDEOTA
260000,73,3,2,1,3561.64,SAO GERARDO
639000,118,3,4,2,5415.25,DIONISIO TORRES
350000,118,3,2,1,2966.1,SAO GERARDO
295000,117,3,3,1,2521.37,FATIMA
620000,111,3,1,3,5585.59,PATRIOLINO RIBEIRO
195000,50,2,2,1,3900.0,CAMBEBA
229000,100,3,2,1,2290.0,MONTE CASTELO
215000,57,3,2,1,3771.93,MESSEJANA
380000,75,3,2,2,5066.67,PAPICU
465000,70,3,2,2,6642.86,EDSON QUEIROZ
656000,98,3,2,2,6693.88,COCO
520000,80,3,4,2,6500.0,EDSON QUEIROZ
250000,64,2,2,1,3906.25,MARAPONGA
294999,86,4,3,1,3430.22,MEIRELES
460000,133,3,2,2,3458.65,VARJOTA
579999,124,4,4,2,4677.41,MEIRELES
475000,70,3,3,2,6785.71,ENG LUCIANO CAVALCANTE
179000,68,3,1,1,2632.35,MARAPONGA
340000,124,3,3,1,2741.94,JACARECANGA
509900,79,3,2,2,6454.43,MANUEL DIAS BRANCO
220000,64,3,2,1,3437.5,MESSEJANA
350000,61,2,2,2,5737.7,DE LOURDES
229950,161,3,1,1,1428.26,PRAIA DO FUTURO I
450000,120,3,3,2,3750.0,DIONISIO TORRES
185000,99,3,3,1,1868.69,PARANGABA
549000,190,3,3,2,2889.47,MEIRELES
790000,119,3,4,2,6638.66,ENG LUCIANO CAVALCANTE
450000,80,2,3,2,5625.0,MUCURIPE
650000,143,3,3,2,4545.45,DIONISIO TORRES
445000,70,3,2,2,6357.14,FATIMA
329999,92,4,3,2,3586.95,COCO
450000,72,3,2,2,6250.0,SAO GERARDO
760000,111,4,3,2,6846.85,ALDEOTA
180000,73,2,2,1,2465.75,PRAIA DO FUTURO I
240000,59,3,1,2,4067.8,PARQUE DOIS IRMAOS
168000,56,2,1,1,3000.0,LAGOA REDONDA
500000,72,3,1,2,6944.44,PATRIOLINO RIBEIRO
290000,60,2,1,1,4833.33,MONTESE
599000,92,3,3,2,6510.87,FATIMA
980000,240,3,4,3,4083.33,MEIRELES
750000,94,3,4,2,7978.72,ALDEOTA
699000,93,3,4,2,7516.13,DIONISIO TORRES
335000,103,3,3,2,3252.43,SAO GERARDO
430000,118,3,4,2,3644.07,PAPICU
150000,64,3,2,1,2343.75,CIDADE DOS FUNCIONARIOS
597893,76,3,2,2,7867.01,ENG LUCIANO CAVALCANTE
490000,81,3,3,2,6049.38,PATRIOLINO RIBEIRO
680000,120,3,1,3,5666.67,SAO JOAO DO TAUAPE
195000,70,2,3,1,2785.71,PAPICU
620000,120,3,4,2,5166.67,SAO GERARDO
340000,71,2,2,2,4788.73,ENG LUCIANO CAVALCANTE
350000,75,3,1,1,4666.67,MESSEJANA
599000,124,3,3,2,4830.65,VARJOTA
480000,87,3,3,2,5517.24,MEIRELES
620000,111,3,3,2,5585.59,PATRIOLINO RIBEIRO
599999,131,4,4,3,4580.15,MEIRELES
470000,71,3,2,2,6619.72,PATRIOLINO RIBEIRO
631000,94,3,3,2,6712.77,PRESIDENTE KENNEDY
280000,89,2,3,2,3146.07,ALDEOTA
575000,150,3,2,2,3833.33,ALDEOTA
460000,91,3,3,2,5054.95,COCO
339999,70,2,2,2,4857.13,PARQUE IRACEMA
250000,61,3,2,1,4098.36,CAJAZEIRAS
200000,67,3,2,1,2985.07,MONTE CASTELO
587757,90,3,3,2,6530.63,FATIMA
190000,67,3,2,1,2835.82,LAGOA REDONDA
430000,86,3,3,2,5000.0,PARQUE IRACEMA
650000,211,3,3,2,3080.57,ALDEOTA
759000,98,3,2,2,7744.9,COCO
340000,72,3,3,2,4722.22,PATRIOLINO RIBEIRO
650000,143,3,3,2,4545.45,DIONISIO TORRES
174000,66,3,1,1,2636.36,MESSEJANA
238999,60,2,2,1,3983.32,CAMBEBA
210000,79,2,3,2,2658.23,JOAQUIM TAVORA
497000,124,3,3,2,4008.06,EDSON QUEIROZ
280000,77,3,2,1,3636.36,MONTE CASTELO
683000,79,3,3,2,8645.57,JOAQUIM TAVORA
285000,64,3,2,2,4453.12,SAPIRANGA COITE
520000,72,3,3,2,7222.22,PATRIOLINO RIBEIRO
309000,70,3,2,2,4414.29,DAMAS
380000,119,3,4,2,3193.28,PAPICU
380000,117,3,3,1,3247.86,PAPICU
1020000,123,4,5,3,8292.68,COCO
240000,95,3,2,1,2526.32,PRESIDENTE KENNEDY
632285,96,3,3,2,6586.3,FATIMA
700000,110,3,3,2,6363.64,MEIRELES
160000,50,2,2,1,3200.0,MONDUBIM
377000,70,3,2,2,5385.71,ENG LUCIANO CAVALCANTE
498000,77,3,2,2,6467.53,MEIRELES
519000,81,3,3,2,6407.41,ENG LUCIANO CAVALCANTE
680000,100,3,1,2,6800.0,ALDEOTA
995000,120,2,2,3,8291.67,MEIRELES
230000,68,2,2,2,3382.35,PATRIOLINO RIBEIRO
630000,103,3,3,2,6116.5,CAMBEBA
590000,230,3,4,2,2565.22,COCO
167120,44,2,3,1,3798.18,PASSARE
370000,117,3,2,2,3162.39,PAPICU
650000,120,3,3,2,5416.67,ALDEOTA
758000,79,3,3,2,9594.94,MEIRELES
550000,150,3,1,2,3666.67,ALDEOTA
220000,65,3,2,2,3384.62,MARAPONGA
350000,113,3,3,1,3097.35,BENFICA
540000,150,3,3,2,3600.0,PAPICU
720000,165,4,5,2,4363.64,SALINAS
299999,65,3,2,2,4615.37,PATRIOLINO RIBEIRO
680000,146,3,4,3,4657.53,COCO
135000,50,2,1,1,2700.0,MARAPONGA
590000,80,3,3,2,7375.0,PAPICU
695000,95,3,3,2,7315.79,ALDEOTA
249999,65,3,2,1,3846.14,MESSEJANA
550000,92,3,3,2,5978.26,JOAQUIM TAVORA
990000,130,3,5,3,7615.38,FATIMA
185000,66,3,2,1,2803.03,PASSARE
245000,116,3,3,2,2112.07,COCO
620000,113,3,4,2,5486.73,PARQUE IRACEMA
730000,132,3,3,3,5530.3,ALDEOTA
480000,80,3,3,2,6000.0,COCO
165000,68,2,1,1,2426.47,PARANGABA
239000,60,2,2,1,3983.33,PAPICU
280000,60,2,2,2,4666.67,COCO
520000,124,3,4,2,4193.55,VARJOTA
690000,81,2,3,2,8518.52,MEIRELES
500000,124,3,4,2,4032.26,ALDEOTA
619999,86,2,3,2,7209.29,MUCURIPE
599000,105,3,3,2,5704.76,CAMBEBA
419999,70,3,3,2,5999.99,PAPICU
485000,80,3,2,2,6062.5,BENFICA
499999,110,4,4,2,4545.45,DIONISIO TORRES
648999,91,3,3,2,7131.86,PRAIA DE IRACEMA
340000,100,2,1,2,3400.0,EDSON QUEIROZ
550000,87,3,2,2,6321.84,CAMBEBA
696500,95,3,1,2,7331.58,COCO
570000,81,3,3,2,7037.04,EDSON QUEIROZ
499999,83,3,3,2,6024.08,CENTRO
520000,81,3,4,2,6419.75,EDSON QUEIROZ
480000,82,3,3,2,5853.66,PATRIOLINO RIBEIRO
419999,78,3,3,2,5384.6,CENTRO
180000,68,3,2,1,2647.06,CIDADE DOS FUNCIONARIOS
641128,96,3,3,2,6678.42,FATIMA
620000,74,3,4,2,8378.38,MEIRELES
690000,110,3,4,2,6272.73,PATRIOLINO RIBEIRO
500000,145,3,4,2,3448.28,ALDEOTA
450000,81,3,3,2,5555.56,EDSON QUEIROZ
200000,95,3,2,1,2105.26,MONTESE
687000,99,4,3,2,6939.39,ALDEOTA
529999,122,4,4,2,4344.25,DIONISIO TORRES
696271,96,3,1,2,7252.82,FATIMA
559000,112,3,4,2,4991.07,PARQUE IRACEMA
559999,112,3,4,2,4999.99,PARQUE IRACEMA
229999,60,3,2,1,3833.32,COCO
180000,70,3,2,1,2571.43,MONTESE
280000,77,2,2,2,3636.36,PRESIDENTE KENNEDY
230000,121,3,3,1,1900.83,BENFICA
400000,68,2,2,1,5882.35,COCO
420000,91,2,3,2,4615.38,COCO
450000,95,3,2,1,4736.84,CENTRO
645000,111,3,4,3,5810.81,ALDEOTA
619999,125,4,5,3,4959.99,DIONISIO TORRES
499999,135,4,4,2,3703.7,DIONISIO TORRES
599000,86,2,2,2,6965.12,MUCURIPE
240000,65,3,2,2,3692.31,PASSARE
549323,78,3,1,2,7042.6,PATRIOLINO RIBEIRO
550000,127,3,4,2,4330.71,ALDEOTA
750000,97,3,4,2,7731.96,COCO
220000,134,3,3,2,1641.79,PAPICU
560000,90,3,3,2,6222.22,PAPICU
349000,91,3,3,2,3835.16,COCO
225000,60,3,2,2,3750.0,SAPIRANGA COITE
430000,165,3,3,2,2606.06,DIONISIO TORRES
588300,111,3,3,2,5300.0,COCO
520000,160,3,4,3,3250.0,COCO
360000,55,2,2,1,6545.45,PAPICU
499999,80,3,3,2,6249.99,ENG LUCIANO CAVALCANTE
850000,99,3,4,2,8585.86,ALDEOTA
747000,166,3,4,2,4500.0,EDSON QUEIROZ
380000,110,3,1,1,3454.55,PATRIOLINO RIBEIRO
470000,73,3,3,2,6438.36,CAMBEBA
217000,110,3,1,2,1972.73,MONTESE
399000,80,3,2,2,4987.5,COCO
550000,143,3,4,2,3846.15,MANUEL DIAS BRANCO
165000,65,3,2,1,2538.46,MARAPONGA
549000,80,3,3,2,6862.5,EDSON QUEIROZ
450000,133,4,5,2,3383.46,MEIRELES
837000,144,3,4,3,5812.5,ENG LUCIANO CAVALCANTE
460000,78,3,4,2,5897.44,COCO
365000,86,3,3,2,4244.19,PARANGABA
520000,131,3,3,2,3969.47,VARJOTA
155000,66,3,2,1,2348.48,CAJAZEIRAS
748500,114,3,5,2,6565.79,PARQUE IRACEMA
530000,126,3,3,3,4206.35,DIONISIO TORRES
699000,105,3,4,2,6657.14,VARJOTA
490000,74,3,3,2,6621.62,MEIRELES
380000,117,3,3,2,3247.86,PAPICU
549000,81,3,3,2,6777.78,PATRIOLINO RIBEIRO
380000,78,3,2,2,4871.79,MUCURIPE
350000,60,2,2,2,5833.33,ALDEOTA
329999,65,2,2,1,5076.91,ALDEOTA
450000,112,3,3,2,4017.86,PAPICU
470000,65,3,2,2,7230.77,PAPICU
294999,62,2,2,2,4758.05,CAMBEBA
290000,62,2,2,1,4677.42,PAPICU
205000,60,3,2,2,3416.67,PAPICU
430000,138,3,1,2,3115.94,PAPICU
399000,83,3,3,2,4807.23,MEIRELES
390000,102,3,3,2,3823.53,ALDEOTA
650000,185,3,4,2,3513.51,MEIRELES
598999,145,4,4,2,4131.03,DIONISIO TORRES
650000,122,3,4,2,5327.87,PARQUE IRACEMA
695000,95,3,2,2,7315.79,MEIRELES
599999,100,3,4,2,5999.99,ALDEOTA
480000,87,3,3,2,5517.24,MEIRELES
510000,86,3,3,2,5930.23,FATIMA
499000,94,4,4,2,5308.51,PARQUELANDIA
350000,60,3,2,2,5833.33,MONTESE
480000,147,4,4,2,3265.31,PAPICU
350000,68,3,2,1,5147.06,COCO
723000,79,3,3,2,9151.9,ALDEOTA
250000,120,3,3,2,2083.33,FATIMA
500000,133,3,3,2,3759.4,COCO
200000,69,2,1,1,2898.55,FATIMA
309999,150,4,4,2,2066.66,DIONISIO TORRES
230000,70,2,1,1,3285.71,MONTESE
624701,92,3,3,2,6790.23,FATIMA
400000,81,3,3,2,4938.27,ENG LUCIANO CAVALCANTE
499999,80,3,2,2,6249.99,CENTRO
499999,126,4,4,3,3968.25,COCO
440000,75,3,3,2,5866.67,PATRIOLINO RIBEIRO
200000,63,3,2,2,3174.6,PASSARE
395000,127,3,4,3,3110.24,SAPIRANGA COITE
250000,89,3,3,1,2808.99,BENFICA
390000,96,3,3,2,4062.5,CENTRO
595919,90,3,1,2,6621.32,PAPICU
570000,147,3,4,2,3877.55,DIONISIO TORRES
550000,95,3,4,2,5789.47,PAPICU
290000,86,3,1,1,3372.09,MONTESE
180000,83,3,1,1,2168.67,MARAPONGA
470000,77,3,3,2,6103.9,ENG LUCIANO CAVALCANTE
630000,150,3,4,2,4200.0,JOAQUIM TAVORA
450000,127,3,3,2,3543.31,PAPICU
430000,138,3,2,2,3115.94,PAPICU
580000,92,3,3,2,6304.35,JOAQUIM TAVORA
220000,65,3,2,1,3384.62,PRESIDENTE KENNEDY
250000,58,2,2,1,4310.34,MEIRELES
469000,72,3,2,1,6513.89,PAPICU
450000,100,3,3,1,4500.0,MEIRELES
687000,99,4,3,2,6939.39,MEIRELES
450000,72,3,2,2,6250.0,SAO GERARDO
650000,110,3,4,2,5909.09,PAPICU
510000,78,3,4,2,6538.46,PRAIA DO FUTURO
414202,141,3,1,2,2937.6,MESSEJANA
172000,63,3,2,2,2730.16,CIDADE DOS FUNCIONARIOS
550000,116,3,4,2,4741.38,PATRIOLINO RIBEIRO
195000,97,3,3,2,2010.31,SAPIRANGA COITE
503000,74,3,2,1,6797.3,ENG LUCIANO CAVALCANTE
550000,82,3,3,2,6707.32,PATRIOLINO RIBEIRO
550000,120,3,3,2,4583.33,MEIRELES
200000,70,3,2,1,2857.14,LAGOA REDONDA
540000,72,2,2,2,7500.0,PRAIA DE IRACEMA
539000,90,3,3,2,5988.89,CAMBEBA
417100,70,3,1,2,5958.57,PATRIOLINO RIBEIRO
330000,68,3,2,2,4852.94,JOQUEI CLUBE
599999,95,3,4,2,6315.78,MEIRELES
350000,63,3,2,1,5555.56,PARQUELANDIA
551000,72,3,2,2,7652.78,PRESIDENTE KENNEDY
230000,72,2,2,1,3194.44,CENTRO
480000,79,3,3,2,6075.95,PATRIOLINO RIBEIRO
280000,119,3,3,1,2352.94,PAPICU
750000,117,3,4,2,6410.26,ENG LUCIANO CAVALCANTE
700000,126,3,4,2,5555.56,CAMBEBA
250000,110,3,2,2,2272.73,COCO
240000,59,3,2,1,4067.8,JOAQUIM TAVORA
165000,61,3,2,1,2704.92,SAO JOAO DO TAUAPE
350000,107,3,4,1,3271.03,PAPICU
399000,107,3,3,2,3728.97,PATRIOLINO RIBEIRO
215000,112,3,2,1,1919.64,MONTESE
220000,67,2,2,1,3283.58,VICENTE PINZON
600000,106,4,4,2,5660.38,ALDEOTA
650000,105,3,3,2,6190.48,CAMBEBA
420000,58,2,2,1,7241.38,PRAIA DO FUTURO
680000,118,3,3,3,5762.71,ALDEOTA
270000,70,3,2,2,3857.14,CAMBEBA
550000,74,3,2,2,7432.43,ENG LUCIANO CAVALCANTE
550000,74,3,2,2,7432.43,ENG LUCIANO CAVALCANTE
559999,140,4,4,4,3999.99,COCO
190000,104,3,2,1,1826.92,COCO
463000,71,3,2,1,6521.13,ENG LUCIANO CAVALCANTE
700000,94,2,1,2,7446.81,DAMAS
525000,74,3,3,2,7094.59,PATRIOLINO RIBEIRO
380000,121,3,3,2,3140.5,COCO
169999,50,2,2,1,3399.98,CAMBEBA
174000,50,2,2,1,3480.0,SALINAS
480000,119,3,2,2,4033.61,ALDEOTA
550000,218,3,5,2,2522.94,ALDEOTA
420000,123,3,4,2,3414.63,PAPICU
215000,100,3,2,1,2150.0,CIDADE DOS FUNCIONARIOS
460000,212,3,4,2,2169.81,ALDEOTA
440000,112,3,2,2,3928.57,ALDEOTA
219000,84,3,2,1,2607.14,CIDADE DOS FUNCIONARIOS
1050000,115,3,4,2,9130.43,ALDEOTA
299999,65,3,2,1,4615.37,ALDEOTA
360000,122,2,3,1,2950.82,COCO
250000,97,3,2,1,2577.32,PRESIDENTE KENNEDY
700000,128,3,3,2,5468.75,ALDEOTA
499999,97,4,3,2,5154.63,MEIRELES
220000,65,3,2,1,3384.62,SAO GERARDO
620000,113,3,4,2,5486.73,CIDADE DOS FUNCIONARIOS
250000,60,3,2,2,4166.67,SAPIRANGA COITE
730000,91,3,3,2,8021.98,ALDEOTA
779618,116,3,4,2,6720.84,PARQUE IRACEMA
580000,92,3,2,2,6304.35,JOAQUIM TAVORA
650000,92,3,3,2,7065.22,PATRIOLINO RIBEIRO
490000,90,3,3,2,5444.44,CAMBEBA
349000,117,3,3,2,2982.91,PAPICU
545000,96,3,3,2,5677.08,COCO
685000,98,3,3,2,6989.8,COCO
650000,86,2,3,2,7558.14,MUCURIPE
170000,64,3,1,1,2656.25,DAMAS
675000,90,3,4,2,7500.0,PARQUE IRACEMA
480000,124,3,3,2,3870.97,PRAIA DE IRACEMA
450000,95,3,2,1,4736.84,CENTRO
580000,128,3,4,2,4531.25,ALDEOTA
440000,90,3,1,2,4888.89,JOAQUIM TAVORA
789999,119,3,5,2,6638.65,ENG LUCIANO CAVALCANTE
220000,73,2,1,1,3013.7,MONTESE
339000,122,3,4,2,2778.69,VARJOTA
490000,67,3,2,1,7313.43,ALDEOTA
707455,90,3,2,2,7860.61,PATRIOLINO RIBEIRO
220000,89,3,2,2,2471.91,PASSARE
215000,113,3,3,1,1902.65,MONTESE
650000,97,3,3,2,6701.03,ALDEOTA
592000,82,3,3,2,7219.51,PATRIOLINO RIBEIRO
390000,86,3,2,1,4534.88,DAMAS
585000,95,3,4,2,6157.89,PARQUE IRACEMA
835000,111,3,4,3,7522.52,ALDEOTA
480000,112,3,4,3,4285.71,JOAQUIM TAVORA
590000,149,3,4,2,3959.73,PATRIOLINO RIBEIRO
399000,108,3,2,2,3694.44,COCO
569209,73,3,2,2,7797.38,CIDADE DOS FUNCIONARIOS
450000,121,3,3,1,3719.01,ALDEOTA
460000,88,3,2,2,5227.27,MEIRELES
695000,137,3,3,2,5072.99,MEIRELES
649000,95,3,3,2,6831.58,COCO
240000,65,3,2,2,3692.31,CIDADE DOS FUNCIONARIOS
245000,116,3,1,2,2112.07,PAPICU
250000,91,3,2,1,2747.25,VARJOTA
231900,62,3,2,1,3740.32,CAMBEBA
700000,160,3,4,2,4375.0,ALDEOTA
335000,64,2,2,2,5234.38,MONTE CASTELO
420000,100,3,3,1,4200.0,COCO
525000,96,3,2,2,5468.75,ALDEOTA
730000,133,3,5,4,5488.72,ALDEOTA
429999,90,3,3,1,4777.77,MUCURIPE
334937,64,3,2,2,5233.39,DAMAS
550000,124,3,3,2,4435.48,VARJOTA
350000,120,4,2,2,2916.67,ALDEOTA
365000,120,3,3,1,3041.67,JOSE BONIFACIO
215000,107,3,3,1,2009.35,PARQUELANDIA
473000,86,3,2,2,5500.0,FATIMA
329000,55,2,2,1,5981.82,PAPICU
155000,74,2,2,1,2094.59,DAMAS
330000,86,3,3,1,3837.21,ALDEOTA
680000,81,3,3,2,8395.06,COCO
440000,75,2,3,2,5866.67,COCO
225000,63,3,2,1,3571.43,MARAPONGA
434999,65,3,2,2,6692.29,MEIRELES
569520,70,3,2,2,8136.0,EDSON QUEIROZ
650000,105,3,3,2,6190.48,VARJOTA
529000,86,2,3,2,6151.16,MUCURIPE
145000,70,3,2,1,2071.43,CAJAZEIRAS
200000,93,3,3,1,2150.54,BENFICA
198000,60,3,2,2,3300.0,SAO GERARDO
495000,131,3,3,1,3778.63,ALDEOTA
310000,174,3,4,2,1781.61,PAPICU
750000,200,3,2,3,3750.0,DIONISIO TORRES
191500,61,3,1,1,3139.34,PASSARE
191500,61,3,2,1,3139.34,PASSARE
435000,89,3,2,2,4887.64,COCO
230555,58,3,2,2,3975.09,PASSARE
232965,58,3,2,2,4016.64,PASSARE
320000,122,3,4,1,2622.95,JOAQUIM TAVORA
319999,103,4,3,1,3106.79,MEIRELES
198999,50,2,2,1,3979.98,PASSARE
590000,96,3,3,2,6145.83,COCO
650000,163,3,4,2,3987.73,ALDEOTA
240000,108,3,3,1,2222.22,PAPICU
420000,118,3,2,2,3559.32,FATIMA
530000,190,3,3,2,2789.47,MEIRELES
500000,76,3,3,2,6578.95,ENG LUCIANO CAVALCANTE
595000,94,3,3,2,6329.79,PARQUELANDIA
460000,164,3,2,1,2804.88,MEIRELES
395000,65,3,2,2,6076.92,DE LOURDES
480000,128,3,1,2,3750.0,ALDEOTA
220000,63,3,2,1,3492.06,MARAPONGA
499000,151,3,4,2,3304.64,DIONISIO TORRES
540000,119,3,4,2,4537.82,PAPICU
730000,97,3,3,2,7525.77,FATIMA
150000,67,3,2,2,2238.81,LAGOA REDONDA
784000,83,3,2,2,9445.78,COCO
260000,102,2,3,1,2549.02,ALDEOTA
260000,102,4,3,1,2549.02,ALDEOTA
618999,120,4,4,3,5158.32,PATRIOLINO RIBEIRO
725000,130,3,2,2,5576.92,PAPICU
345000,104,2,3,1,3317.31,MEIRELES
510000,171,3,4,2,2982.46,JOAQUIM TAVORA
479999,130,4,4,2,3692.3,DIONISIO TORRES
470000,109,3,5,2,4311.93,COCO
220000,105,3,1,1,2095.24,PARANGABA
589999,130,4,4,2,4538.45,DIONISIO TORRES
248000,72,3,1,1,3444.44,DAMAS
319999,60,2,2,3,5333.32,PARQUE IRACEMA
720000,130,3,4,2,5538.46,PAPICU
474999,119,4,4,2,3991.59,PAPICU
680000,93,3,4,2,7311.83,DIONISIO TORRES
225000,64,2,2,2,3515.62,MARAPONGA
600000,124,3,3,2,4838.71,VARJOTA
280000,92,3,3,1,3043.48,FATIMA
465000,74,3,3,2,6283.78,MUCURIPE
340000,72,2,3,2,4722.22,ENG LUCIANO CAVALCANTE
480000,107,3,4,2,4485.98,PATRIOLINO RIBEIRO
350000,117,3,3,1,2991.45,PAPICU
550000,160,3,1,2,3437.5,MEIRELES
599999,115,4,4,2,5217.38,PARQUE IRACEMA
650000,175,3,4,2,3714.29,MEIRELES
300000,82,3,2,1,3658.54,PAPICU
290000,143,3,1,2,2027.97,COCO
400000,130,3,3,2,3076.92,DIONISIO TORRES
540000,125,3,3,2,4320.0,VARJOTA
160000,65,3,1,2,2461.54,PASSARE
837000,111,3,3,3,7540.54,ALDEOTA
245000,93,3,2,1,2634.41,PARQUELANDIA
450000,81,3,3,2,5555.56,EDSON QUEIROZ
260000,67,3,2,2,3880.6,MARAPONGA
340000,88,3,3,1,3863.64,COCO
315000,62,2,2,1,5080.65,PRAIA DE IRACEMA
274900,68,3,2,2,4042.65,COCO
450000,80,3,3,1,5625.0,MUCURIPE
216000,60,3,2,1,3600.0,CIDADE DOS FUNCIONARIOS
784364,79,3,3,2,9928.66,MEIRELES
530000,105,3,3,2,5047.62,JOSE BONIFACIO
750000,157,3,1,3,4777.07,ALDEOTA
299000,62,2,2,1,4822.58,VICENTE PINZON
440000,84,3,3,2,5238.1,PARQUELANDIA
499000,89,3,3,2,5606.74,MEIRELES
315000,127,3,3,1,2480.31,BENFICA
245338,65,3,2,2,3774.43,PASSARE
250000,68,3,1,1,3676.47,CIDADE DOS FUNCIONARIOS
220360,58,3,2,2,3799.31,PASSARE
520000,71,2,2,2,7323.94,PATRIOLINO RIBEIRO
420000,74,3,3,2,5675.68,ENG LUCIANO CAVALCANTE
499999,160,4,4,2,3124.99,MEIRELES
595000,96,3,1,2,6197.92,FATIMA
310000,55,2,1,2,5636.36,CENTRO
750000,110,3,4,2,6818.18,MEIRELES
329999,91,3,3,2,3626.36,COCO
473000,70,3,2,2,6757.14,ENG LUCIANO CAVALCANTE
380000,119,3,3,2,3193.28,PAPICU
329999,70,2,2,1,4714.27,PARQUE IRACEMA
479999,135,4,4,2,3555.55,DIONISIO TORRES
499000,77,3,2,2,6480.52,PATRIOLINO RIBEIRO
240000,133,3,4,2,1804.51,VICENTE PINZON
350000,101,3,1,1,3465.35,VARJOTA
719999,133,4,4,3,5413.53,MEIRELES
285000,68,3,3,2,4191.18,PAPICU
350000,62,2,2,2,5645.16,MANUEL DIAS BRANCO
350000,62,2,2,2,5645.16,VICENTE PINZON
570000,80,3,2,2,7125.0,COCO
549999,150,4,4,2,3666.66,DIONISIO TORRES
692000,81,3,2,2,8543.21,PRAIA DE IRACEMA
221762,48,2,2,2,4620.04,PASSARE
295000,71,3,2,2,4154.93,PASSARE
240000,61,3,2,2,3934.43,CAJAZEIRAS
349999,120,4,3,2,2916.66,VARJOTA
708000,95,3,4,2,7452.63,MESSEJANA
450000,138,3,1,2,3260.87,MUCURIPE
220000,88,3,3,1,2500.0,PAPICU
836898,111,3,3,3,7539.62,ALDEOTA
250000,61,3,3,1,4098.36,CAJAZEIRAS
349999,80,3,3,1,4374.99,MEIRELES
650000,78,2,2,2,8333.33,COCO
590453,90,4,3,2,6560.59,PARQUE IRACEMA
445000,123,3,4,2,3617.89,ALDEOTA
189000,111,3,3,2,1702.7,PAPICU
330000,72,3,3,2,4583.33,ENG LUCIANO CAVALCANTE
295000,65,3,2,2,4538.46,MESSEJANA
535000,70,3,2,2,7642.86,ENG LUCIANO CAVALCANTE
730000,126,3,1,2,5793.65,COCO
490000,124,3,4,2,3951.61,ENG LUCIANO CAVALCANTE
520000,145,4,3,2,3586.21,PATRIOLINO RIBEIRO
270000,115,3,1,1,2347.83,ALDEOTA
590000,120,3,4,2,4916.67,CIDADE DOS FUNCIONARIOS
649000,93,3,4,2,6978.49,DIONISIO TORRES
660000,124,3,4,3,5322.58,COCO
695500,79,3,3,2,8803.8,ALDEOTA
550000,142,4,4,2,3873.24,ALDEOTA
229999,57,2,1,1,4035.07,CAMBEBA
499000,75,3,3,2,6653.33,JOAQUIM TAVORA
220000,63,3,2,2,3492.06,MARAPONGA
679999,125,4,3,2,5439.99,DIONISIO TORRES
520000,80,3,1,2,6500.0,EDSON QUEIROZ
359000,64,2,2,2,5609.38,CAMBEBA
332456,62,3,2,2,5362.19,PARANGABA
550000,97,3,4,2,5670.1,MANUEL DIAS BRANCO
500000,112,3,4,2,4464.29,JOSE BONIFACIO
589999,166,4,4,2,3554.21,PAPICU
350000,65,3,2,1,5384.62,MESSEJANA
278027,58,3,1,2,4793.57,PASSARE
700000,106,3,3,2,6603.77,VARJOTA
700000,97,3,4,2,7216.49,DE LOURDES
380000,133,3,4,2,2857.14,COCO
584000,71,3,2,2,8225.35,PATRIOLINO RIBEIRO
350000,120,3,3,1,2916.67,MEIRELES
350000,92,3,3,1,3804.35,FATIMA
570000,95,3,4,2,6000.0,PARQUE IRACEMA
340000,57,2,2,2,5964.91,PARQUE IRACEMA
385000,91,3,3,2,4230.77,COCO
430000,108,3,3,2,3981.48,COCO
650000,105,3,4,2,6190.48,CAMBEBA
200000,81,2,2,1,2469.14,MONTESE
340000,72,3,3,2,4722.22,PATRIOLINO RIBEIRO
440000,71,3,2,2,6197.18,ENG LUCIANO CAVALCANTE
350000,60,2,2,2,5833.33,ALDEOTA
420000,90,3,1,2,4666.67,COCO
200000,102,3,1,1,1960.78,DAMAS
700000,84,3,3,2,8333.33,ALDEOTA
635000,77,3,3,2,8246.75,PATRIOLINO RIBEIRO
330000,86,3,2,1,3837.21,MEIRELES
550000,139,3,4,2,3956.83,MEIRELES
440000,95,3,3,2,4631.58,ALDEOTA
430000,129,3,3,2,3333.33,VARJOTA
490000,162,3,5,2,3024.69,ALDEOTA
300000,145,3,2,2,2068.97,PRAIA DO FUTURO
460000,131,3,4,2,3511.45,PAPICU
550961,95,3,3,2,5799.59,JOSE DE ALENCAR
650000,122,3,3,2,5327.87,PARQUE IRACEMA
308999,70,2,2,2,4414.27,PRAIA DE IRACEMA
510000,62,2,1,2,8225.81,ALDEOTA
314999,63,2,2,1,4999.98,MEIRELES
260000,64,2,3,1,4062.5,PAPICU
750000,98,3,3,2,7653.06,COCO
450000,138,3,5,2,3260.87,DIONISIO TORRES
550000,104,3,2,2,5288.46,CENTRO
580000,128,3,4,2,4531.25,ALDEOTA
620000,98,3,3,2,6326.53,MEIRELES
410000,58,2,2,1,7068.97,ALDEOTA
650000,143,3,3,2,4545.45,DIONISIO TORRES
220000,60,3,2,1,3666.67,CAMBEBA
600000,83,3,3,2,7228.92,MEIRELES
350000,91,2,1,1,3846.15,ALDEOTA
678000,95,3,2,2,7136.84,PARQUE IRACEMA
585000,97,3,3,2,6030.93,COCO
459999,72,3,3,2,6388.88,MEIRELES
330000,73,3,2,1,4520.55,PASSARE
630000,99,3,3,2,6363.64,ALDEOTA
470000,88,3,2,2,5340.91,MEIRELES
550000,126,3,2,2,4365.08,MEIRELES
310000,86,3,2,1,3604.65,MEIRELES
280000,117,3,1,1,2393.16,FATIMA
292000,58,2,2,1,5034.48,JOQUEI CLUBE
320000,93,4,3,2,3440.86,JOAQUIM TAVORA
290000,89,3,2,1,3258.43,PARQUELANDIA
115000,50,2,1,1,2300.0,MESSEJANA
680000,114,2,3,2,5964.91,FATIMA
750000,105,3,4,2,7142.86,VARJOTA
240000,125,3,2,2,1920.0,ALDEOTA
180000,75,2,3,1,2400.0,BENFICA
270000,112,3,3,2,2410.71,FATIMA
500000,133,3,3,2,3759.4,COCO
420000,112,3,1,2,3750.0,PAPICU
710000,91,3,2,2,7802.2,MEIRELES
410000,70,2,3,2,5857.14,PATRIOLINO RIBEIRO
175000,124,3,2,1,1411.29,PASSARE
470000,68,3,4,2,6911.76,ALDEOTA
365000,124,3,4,2,2943.55,ALDEOTA
240000,66,3,2,1,3636.36,MONTESE
380000,101,3,2,1,3762.38,VARJOTA
645000,90,3,3,2,7166.67,JOAQUIM TAVORA
440000,90,3,2,2,4888.89,COCO
594999,150,4,5,2,3966.66,DIONISIO TORRES
149900,42,2,1,1,3569.05,MESSEJANA
340754,65,2,2,1,5242.37,PASSARE
630000,110,4,3,2,5727.27,PARQUELANDIA
370000,85,3,2,2,4352.94,MARAPONGA
330000,64,3,1,1,5156.25,PARQUELANDIA
580000,75,3,3,1,7733.33,MEIRELES
410000,58,2,2,1,7068.97,ALDEOTA
210000,63,3,2,1,3333.33,VILA UNIAO
490000,142,3,3,2,3450.7,EDSON QUEIROZ
275000,65,3,3,1,4230.77,CAMBEBA
280000,64,3,2,2,4375.0,MONTE CASTELO
489000,90,3,3,2,5433.33,FATIMA
710000,105,3,3,2,6761.9,VARJOTA
530000,90,3,3,2,5888.89,FATIMA
730000,132,3,5,3,5530.3,ALDEOTA
140000,42,2,1,1,3333.33,ENG LUCIANO CAVALCANTE
616000,115,4,4,3,5356.52,PATRIOLINO RIBEIRO
260000,102,3,3,1,2549.02,JOAQUIM TAVORA
629000,98,3,3,2,6418.37,ENG LUCIANO CAVALCANTE
220000,56,3,2,1,3928.57,MONDUBIM
1080000,120,3,4,3,9000.0,PRAIA DE IRACEMA
768808,119,3,5,2,6460.57,ENG LUCIANO CAVALCANTE
695000,138,3,4,2,5036.23,ALDEOTA
280000,77,2,2,1,3636.36,MEIRELES
331221,57,2,1,2,5810.89,BENFICA
595000,95,3,3,2,6263.16,PARQUE IRACEMA
380000,118,3,2,2,3220.34,PATRIOLINO RIBEIRO
260000,73,3,2,1,3561.64,MESSEJANA
450000,109,3,3,2,4128.44,COCO
650000,90,3,2,2,7222.22,PATRIOLINO RIBEIRO
550000,177,3,4,2,3107.34,MEIRELES
110000,70,3,2,1,1571.43,EDSON QUEIROZ
768710,81,3,2,2,9490.25,ALDEOTA
120000,84,3,2,1,1428.57,CAJAZEIRAS
793000,79,3,3,2,10037.97,MEIRELES
550000,126,3,4,2,4365.08,ALDEOTA
350000,100,3,2,1,3500.0,PAPICU
299999,103,4,3,1,2912.61,DIONISIO TORRES
450000,120,3,3,1,3750.0,PAPICU
900000,138,3,5,3,6521.74,PAPICU
200000,57,3,2,1,3508.77,MARAPONGA
609210,70,2,3,2,8703.0,PATRIOLINO RIBEIRO
240000,67,3,2,1,3582.09,MARAPONGA
420000,75,3,3,2,5600.0,ALDEOTA
255000,65,3,2,2,3923.08,MESSEJANA
539000,81,3,3,2,6654.32,ENG LUCIANO CAVALCANTE
549999,65,2,3,2,8461.52,ALDEOTA
529000,77,3,3,2,6870.13,ALDEOTA
480001,114,3,3,2,4210.54,ALDEOTA
370000,64,3,2,2,5781.25,SAO GERARDO
410000,70,2,3,2,5857.14,PARQUE IRACEMA
700000,236,3,4,6,2966.1,MEIRELES
600000,126,3,3,2,4761.9,COCO
270000,62,3,2,2,4354.84,PARANGABA
348000,73,3,2,2,4767.12,COCO
125000,59,2,2,1,2118.64,VICENTE PINZON
350000,122,2,2,1,2868.85,COCO
220000,63,3,2,1,3492.06,MONDUBIM
155000,60,2,2,1,2583.33,LAGOA REDONDA
210000,69,3,2,2,3043.48,CAMBEBA
690000,77,3,3,2,8961.04,COCO
250000,56,3,2,2,4464.29,JOSE DE ALENCAR
680000,75,3,3,2,9066.67,MEIRELES
550000,87,2,3,2,6321.84,ALDEOTA
475000,124,3,3,2,3830.65,PRAIA DE IRACEMA
360000,90,3,2,1,4000.0,JOSE BONIFACIO
750000,150,3,4,2,5000.0,MEIRELES
309000,68,3,3,2,4544.12,PAPICU
315000,68,3,3,2,4632.35,PAPICU
274999,56,2,2,1,4910.7,PAPICU
654000,100,3,3,2,6540.0,JOSE DE ALENCAR
495000,140,3,4,3,3535.71,COCO
550000,130,3,3,2,4230.77,PATRIOLINO RIBEIRO
530000,128,3,4,2,4140.62,ALDEOTA
350000,70,2,2,1,5000.0,MEIRELES
649000,103,3,4,2,6300.97,PARQUE IRACEMA
479999,145,4,4,2,3310.34,DIONISIO TORRES
430000,70,3,2,2,6142.86,DIONISIO TORRES
319000,55,2,2,2,5800.0,PAPICU
740000,147,3,5,3,5034.01,ALDEOTA
350000,112,3,3,2,3125.0,PAPICU
620000,91,3,3,2,6813.19,CIDADE DOS FUNCIONARIOS
449000,62,2,2,2,7241.94,MEIRELES
369999,70,3,2,2,5285.7,PARQUE IRACEMA
270000,116,3,1,2,2327.59,FATIMA
420000,110,3,1,2,3818.18,FATIMA
690000,125,3,5,3,5520.0,JOAQUIM TAVORA
299000,68,3,3,2,4397.06,PAPICU
235000,55,2,2,2,4272.73,PARQUE DOIS IRMAOS
350000,53,2,3,2,6603.77,JOAQUIM TAVORA
330000,112,3,3,2,2946.43,PAPICU
360000,95,3,4,2,3789.47,SAPIRANGA COITE
650000,183,3,2,2,3551.91,PAPICU
580000,92,3,3,2,6304.35,FATIMA
109000,62,2,1,1,1758.06,MESSEJANA
669000,204,3,4,3,3279.41,ALDEOTA
160000,67,2,1,1,2388.06,MONTESE
450000,71,3,3,2,6338.03,PATRIOLINO RIBEIRO
390000,108,3,3,2,3611.11,COCO
548905,75,3,3,2,7318.73,ENG LUCIANO CAVALCANTE
390000,75,3,2,2,5200.0,EDSON QUEIROZ
460000,113,3,4,1,4070.8,PAPICU
399999,76,3,3,2,5263.14,PATRIOLINO RIBEIRO
580000,150,3,5,2,3866.67,ALDEOTA
470000,71,3,4,2,6619.72,PATRIOLINO RIBEIRO
190000,66,3,2,1,2878.79,CAJAZEIRAS
900000,184,3,5,3,4891.3,ALDEOTA
540000,105,3,4,2,5142.86,CIDADE DOS FUNCIONARIOS
560000,116,3,4,2,4827.59,PATRIOLINO RIBEIRO
525000,48,2,1,1,10937.5,MEIRELES
380000,67,3,3,2,5671.64,PAPICU
200000,63,3,1,2,3174.6,PAPICU
380000,119,3,4,2,3193.28,PAPICU
215000,59,3,2,2,3644.07,MONDUBIM
360000,70,2,2,1,5142.86,JOSE BONIFACIO
483926,76,3,1,2,6367.45,BENFICA
420000,81,3,3,2,5185.19,EDSON QUEIROZ
400000,75,2,1,1,5333.33,PRAIA DE IRACEMA
449999,83,3,3,2,5421.67,PAPICU
730000,94,3,4,2,7765.96,ALDEOTA
420000,70,3,3,2,6000.0,PATRIOLINO RIBEIRO
525000,74,3,3,2,7094.59,ENG LUCIANO CAVALCANTE
300000,90,3,3,2,3333.33,ENG LUCIANO CAVALCANTE
330000,83,3,2,1,3975.9,ALDEOTA
230000,86,3,3,1,2674.42,PAPICU
320000,116,3,2,1,2758.62,DAMAS
720000,183,3,4,3,3934.43,DIONISIO TORRES
480000,82,3,4,2,5853.66,PATRIOLINO RIBEIRO
480000,83,3,4,2,5783.13,PATRIOLINO RIBEIRO
456000,74,3,2,2,6162.16,PATRIOLINO RIBEIRO
685000,79,3,3,2,8670.89,ALDEOTA
160000,66,3,2,1,2424.24,MESSEJANA
350000,134,3,3,2,2611.94,ALDEOTA
690000,220,3,3,2,3136.36,MEIRELES
220000,90,3,1,1,2444.44,DAMAS
362087,68,3,1,2,5324.81,JOQUEI CLUBE
350000,134,3,3,2,2611.94,ALDEOTA
420000,90,3,3,2,4666.67,DIONISIO TORRES
390000,59,2,2,1,6610.17,PAPICU
280000,105,3,2,1,2666.67,PAPICU
750000,140,3,4,2,5357.14,ALDEOTA
680000,164,3,4,3,4146.34,COCO
154422,57,2,1,1,2709.16,MONDUBIM
580000,179,3,3,2,3240.22,PRAIA DO FUTURO
380000,72,2,2,2,5277.78,COCO
660000,99,3,3,2,6666.67,COCO
300000,70,3,2,2,4285.71,PASSARE
245000,56,2,2,2,4375.0,MESSEJANA
180000,36,1,1,1,5000.0,CENTRO
180000,89,4,3,1,2022.47,BENFICA
290000,130,5,4,1,2230.77,CENTRO
566000,76,3,3,2,7447.37,BENFICA
260000,70,2,2,1,3714.29,PAPICU
615000,97,3,3,2,6340.21,ALDEOTA
350000,106,3,1,1,3301.89,PARQUELANDIA
629999,112,4,3,2,5624.99,MEIRELES
733000,92,3,1,3,7967.39,COCO
600000,136,3,4,2,4411.76,MEIRELES
320000,114,3,2,2,2807.02,ALDEOTA
330000,70,2,2,2,4714.29,MUCURIPE
450000,107,3,3,2,4205.61,COCO
215000,70,3,2,1,3071.43,MONDUBIM
560000,122,3,4,2,4590.16,ALDEOTA
170000,50,2,2,1,3400.0,PASSARE
710000,91,3,3,2,7802.2,ALDEOTA
125000,46,2,1,1,2717.39,MESSEJANA
420000,91,2,3,2,4615.38,COCO
770000,130,3,4,2,5923.08,PAPICU
199000,68,3,2,2,2926.47,JOSE DE ALENCAR
791873,119,3,3,2,6654.39,ENG LUCIANO CAVALCANTE
620000,83,3,3,2,7469.88,COCO
390000,51,2,2,1,7647.06,PRAIA DE IRACEMA
758000,79,2,2,2,9594.94,MEIRELES
350000,103,3,3,1,3398.06,COCO
562000,72,3,3,2,7805.56,PRAIA DE IRACEMA
200000,63,3,2,1,3174.6,PASSARE
430000,108,3,3,2,3981.48,COCO
440000,70,2,2,1,6285.71,PATRIOLINO RIBEIRO
370000,60,2,1,1,6166.67,MEIRELES
550000,92,3,2,1,5978.26,JOAQUIM TAVORA
616000,94,3,2,2,6553.19,PRESIDENTE KENNEDY
571000,174,3,4,2,3281.61,JOAQUIM TAVORA
379990,119,3,2,2,3193.19,JOAQUIM TAVORA
350000,85,3,2,2,4117.65,ALDEOTA
165000,56,2,1,1,2946.43,PASSARE
730000,120,3,3,2,6083.33,MEIRELES
588000,111,3,4,2,5297.3,COCO
400000,130,3,4,2,3076.92,PAPICU
520000,138,2,2,2,3768.12,MEIRELES
320000,135,3,3,2,2370.37,PAPICU
514999,100,3,4,2,5149.99,EDSON QUEIROZ
335000,110,3,3,2,3045.45,ALDEOTA
440000,89,3,3,2,4943.82,COCO
600000,130,3,4,2,4615.38,VARJOTA
620000,83,3,3,2,7469.88,COCO
599000,116,3,2,2,5163.79,COCO
265000,100,3,3,1,2650.0,PAPICU
290000,94,3,1,1,3085.11,SAO JOAO DO TAUAPE
649999,115,3,4,2,5652.17,COCO
350000,90,5,3,1,3888.89,VARJOTA
290000,64,3,2,1,4531.25,DAMAS
450000,140,3,4,2,3214.29,MEIRELES
510000,116,3,2,1,4396.55,MEIRELES
270000,65,3,2,1,4153.85,MESSEJANA
350000,112,3,3,2,3125.0,PAPICU
175000,58,3,2,1,3017.24,CAMBEBA
370000,61,3,3,1,6065.57,FATIMA
300000,100,4,4,1,3000.0,PRESIDENTE KENNEDY
600000,140,3,4,2,4285.71,ALDEOTA
475000,73,3,2,2,6506.85,CIDADE DOS FUNCIONARIOS
449999,80,3,3,2,5624.99,PAPICU
485000,140,3,4,2,3464.29,ALDEOTA
215000,65,3,2,2,3307.69,MARAPONGA
564300,80,2,2,2,7053.75,MEIRELES
155000,45,2,1,1,3444.44,MARAPONGA
482188,70,3,2,2,6888.4,CIDADE DOS FUNCIONARIOS
400000,80,3,2,2,5000.0,MUCURIPE
145900,61,2,2,2,2391.8,MONDUBIM
550000,126,3,2,2,4365.08,ALDEOTA
450000,70,2,2,2,6428.57,MUCURIPE
460000,70,3,2,2,6571.43,ENG LUCIANO CAVALCANTE
315000,55,2,2,1,5727.27,PAPICU
420000,143,3,4,2,2937.06,ALDEOTA
310000,73,3,2,2,4246.58,COCO
595000,180,4,5,3,3305.56,ALDEOTA
599000,86,2,2,2,6965.12,MUCURIPE
449999,73,3,3,2,6164.37,DIONISIO TORRES
540000,72,2,2,2,7500.0,PRAIA DE IRACEMA
549999,130,4,4,2,4230.76,CAMBEBA
394999,87,3,4,2,4540.22,CAMBEBA
394999,87,3,4,2,4540.22,CAMBEBA
190000,59,2,2,2,3220.34,PAPICU
480000,90,3,5,2,5333.33,MONTE CASTELO
175000,124,3,3,1,1411.29,PASSARE
475000,84,3,2,2,5654.76,SAO GERARDO
350000,62,3,1,2,5645.16,ENG LUCIANO CAVALCANTE
220000,82,3,2,1,2682.93,MONTESE
430000,80,3,2,2,5375.0,DAMAS
250000,86,3,1,1,2906.98,MONTESE
700000,107,3,3,2,6542.06,VARJOTA
369000,110,3,3,2,3354.55,FATIMA
355000,72,3,3,2,4930.56,ENG LUCIANO CAVALCANTE
159000,57,2,2,1,2789.47,LAGOA REDONDA
340000,101,2,2,1,3366.34,MEIRELES
660000,100,3,1,3,6600.0,FATIMA
544423,77,3,1,2,7070.43,PATRIOLINO RIBEIRO
250000,120,3,4,1,2083.33,COCO
600000,96,3,4,2,6250.0,COCO
599000,75,3,2,2,7986.67,MEIRELES
370000,120,3,3,2,3083.33,ALDEOTA
713000,85,2,2,2,8388.24,VARJOTA
600000,113,3,3,2,5309.73,CIDADE DOS FUNCIONARIOS
200000,65,3,2,1,3076.92,PARANGABA
485000,75,3,2,2,6466.67,COCO
180000,60,2,2,2,3000.0,MONTESE
599999,150,4,4,2,3999.99,JOAQUIM TAVORA
649000,95,3,5,2,6831.58,CIDADE 2000
649999,92,3,3,2,7065.21,VARJOTA
220000,81,3,2,1,2716.05,MONDUBIM
395000,124,3,1,2,3185.48,JOAQUIM TAVORA
300000,110,3,2,2,2727.27,FATIMA
700000,95,3,4,2,7368.42,MESSEJANA
559000,117,3,4,2,4777.78,PATRIOLINO RIBEIRO
360000,112,3,3,2,3214.29,PAPICU
665000,106,3,3,2,6273.58,FATIMA
499999,101,4,3,2,4950.49,ALDEOTA
600000,77,2,2,2,7792.21,MEIRELES
280000,71,2,2,1,3943.66,PASSARE
599000,101,3,2,2,5930.69,CAMBEBA
465000,113,3,2,2,4115.04,ALDEOTA
390000,140,4,3,2,2785.71,PAPICU
430000,94,3,3,2,4574.47,MEIRELES
680000,113,3,2,2,6017.7,MEIRELES
260000,56,2,1,2,4642.86,JOSE DE ALENCAR
548000,154,3,5,2,3558.44,ALDEOTA
650000,168,3,5,2,3869.05,MEIRELES
699000,117,3,3,2,5974.36,ENG LUCIANO CAVALCANTE
570000,87,3,4,2,6551.72,CAMBEBA
750000,130,3,3,2,5769.23,PAPICU
265000,63,2,2,1,4206.35,PAPICU
550800,86,2,3,2,6404.65,MUCURIPE
580000,92,3,2,2,6304.35,JOAQUIM TAVORA
150000,64,3,2,1,2343.75,CIDADE DOS FUNCIONARIOS
750000,96,3,1,2,7812.5,COCO
700000,105,3,3,2,6666.67,VARJOTA
780000,112,3,4,3,6964.29,ENG LUCIANO CAVALCANTE
650000,80,2,3,2,8125.0,MEIRELES
199000,60,3,2,1,3316.67,SAO GERARDO
700000,106,3,3,2,6603.77,VARJOTA
658984,126,3,4,2,5230.03,PAPICU
399000,74,3,2,2,5391.89,CAMBEBA
660000,120,3,3,3,5500.0,MEIRELES
836965,79,3,3,2,10594.49,MEIRELES
370000,72,3,2,2,5138.89,ENG LUCIANO CAVALCANTE
245338,65,3,2,2,3774.43,PASSARE
450000,79,2,2,1,5696.2,MEIRELES
850000,152,3,5,3,5592.11,PARQUELANDIA
700000,99,3,3,2,7070.71,DIONISIO TORRES
320000,110,4,3,1,2909.09,PAPICU
170000,99,2,3,1,1717.17,MONTE CASTELO
280000,133,3,4,2,2105.26,PAPICU
158000,53,2,2,1,2981.13,LAGOA REDONDA
580000,128,3,4,2,4531.25,ALDEOTA
580000,128,3,4,2,4531.25,ALDEOTA
390000,73,3,3,2,5342.47,MEIRELES
470000,76,3,3,2,6184.21,ENG LUCIANO CAVALCANTE
791523,79,3,3,2,10019.28,ALDEOTA
650000,117,4,4,3,5555.56,MEIRELES
699000,98,3,3,2,7132.65,PATRIOLINO RIBEIRO
219000,56,2,1,2,3910.71,JOSE DE ALENCAR
630000,102,3,3,2,6176.47,CIDADE DOS FUNCIONARIOS
400000,69,3,1,2,5797.1,MEIRELES
510000,79,3,2,2,6455.7,FATIMA
560000,74,3,4,2,7567.57,PATRIOLINO RIBEIRO
320000,139,3,3,2,2302.16,COCO
525000,74,3,2,2,7094.59,ENG LUCIANO CAVALCANTE
470000,66,2,2,1,7121.21,MEIRELES
340000,70,2,2,1,4857.14,MUCURIPE
220000,110,3,3,1,2000.0,BENFICA
320000,132,3,3,2,2424.24,DIONISIO TORRES
401409,85,3,3,2,4722.46,PARANGABA
480000,64,3,3,2,7500.0,ENG LUCIANO CAVALCANTE
225000,55,2,2,2,4090.91,MESSEJANA
365000,124,3,4,2,2943.55,JOAQUIM TAVORA
240000,55,2,2,1,4363.64,JACARECANGA
950000,118,3,4,2,8050.85,ENG LUCIANO CAVALCANTE
450000,75,3,3,2,6000.0,CIDADE 2000
320000,59,2,1,2,5423.73,VARJOTA
674656,104,3,3,2,6487.08,COCO
500000,81,2,3,2,6172.84,EDSON QUEIROZ
364794,58,2,2,2,6289.55,PARQUE IRACEMA
490000,63,2,1,1,7777.78,PRAIA DO FUTURO
599476,86,3,3,2,6970.65,SAO GERARDO
230000,64,3,2,2,3593.75,ENG LUCIANO CAVALCANTE
950000,186,3,4,3,5107.53,MEIRELES
532452,84,3,2,1,6338.71,SAO GERARDO
749999,116,3,4,2,6465.51,PARQUE IRACEMA
199000,58,2,2,1,3431.03,PASSARE
369000,142,4,4,1,2598.59,PAPICU
550000,154,3,3,2,3571.43,ALDEOTA
760000,290,3,4,2,2620.69,PAPICU
1059000,130,3,4,3,8146.15,ALDEOTA
200000,64,3,2,1,3125.0,DAMAS
632000,94,3,2,2,6723.4,PRESIDENTE KENNEDY
275000,120,4,3,2,2291.67,PAPICU
220000,53,1,1,1,4150.94,PRAIA DE IRACEMA
580000,202,3,4,2,2871.29,DIONISIO TORRES
449999,82,3,3,2,5487.79,ENG LUCIANO CAVALCANTE
265000,73,3,2,2,3630.14,MESSEJANA
668000,100,3,4,2,6680.0,CENTRO
365000,140,3,3,2,2607.14,MEIRELES
450000,80,2,3,2,5625.0,COCO
499000,64,2,3,2,7796.88,MEIRELES
580000,102,3,4,2,5686.27,PATRIOLINO RIBEIRO
692000,80,3,1,2,8650.0,CENTRO
500000,70,3,2,2,7142.86,FATIMA
695000,100,2,1,2,6950.0,DE LOURDES
600000,131,3,1,2,4580.15,COCO
720000,156,3,4,3,4615.38,ALDEOTA
660000,105,3,3,2,6285.71,VARJOTA
689000,125,3,4,2,5512.0,ENG LUCIANO CAVALCANTE
460000,115,3,4,2,4000.0,COCO
650000,145,3,4,2,4482.76,COCO
390000,74,3,2,2,5270.27,PARQUE IRACEMA
640000,120,3,4,2,5333.33,SAO GERARDO
640000,120,3,4,2,5333.33,SAO GERARDO
759000,130,3,5,2,5838.46,PAPICU
380000,60,3,4,4,6333.33,EDSON QUEIROZ
600000,118,3,4,2,5084.75,DIONISIO TORRES
650000,122,3,4,2,5327.87,CIDADE DOS FUNCIONARIOS
250000,99,3,3,1,2525.25,PAPICU
750000,120,3,4,2,6250.0,PARQUELANDIA
750000,150,3,4,3,5000.0,ALDEOTA
320000,70,2,2,1,4571.43,MUCURIPE
345000,65,2,2,1,5307.69,CENTRO
135000,57,2,2,1,2368.42,PASSARE
540000,72,2,2,2,7500.0,PRAIA DE IRACEMA
1090000,146,3,3,3,7465.75,ENG LUCIANO CAVALCANTE
260000,65,3,2,1,4000.0,CIDADE DOS FUNCIONARIOS
285000,64,2,2,1,4453.12,PASSARE
630000,105,3,3,2,6000.0,CIDADE DOS FUNCIONARIOS
220000,60,3,2,1,3666.67,CIDADE DOS FUNCIONARIOS
660000,111,3,3,2,5945.95,ENG LUCIANO CAVALCANTE
340000,68,2,2,1,5000.0,PAPICU
269000,117,3,4,2,2299.15,PAPICU
900000,145,4,3,3,6206.9,COCO
333000,52,2,1,1,6403.85,ALVARO WEYNE
750000,130,3,5,2,5769.23,DE LOURDES
300000,128,4,2,2,2343.75,PAPICU
350000,60,3,2,2,5833.33,FATIMA
480000,218,5,5,2,2201.83,DIONISIO TORRES
369999,86,2,2,1,4302.31,ALDEOTA
750000,130,3,3,2,5769.23,PAPICU
165000,48,2,1,1,3437.5,MARAPONGA
475000,80,2,1,1,5937.5,MEIRELES
400000,170,3,1,2,2352.94,ALDEOTA
250000,48,2,1,1,5208.33,JOQUEI CLUBE
185000,64,3,2,1,2890.62,MARAPONGA
250000,70,3,2,1,3571.43,PASSARE
220000,49,2,1,1,4489.8,JOQUEI CLUBE
639999,93,3,3,2,6881.71,DIONISIO TORRES
265000,75,3,2,1,3533.33,CAMBEBA
500000,112,3,4,3,4464.29,ENG LUCIANO CAVALCANTE
662988,98,3,3,2,6765.18,COCO
150000,52,2,1,1,2884.62,MESSEJANA
325000,83,3,2,2,3915.66,PARQUE IRACEMA
250000,58,3,1,1,4310.34,PASSARE
141275,42,2,1,1,3363.69,MESSEJANA
830000,118,3,4,2,7033.9,DIONISIO TORRES
350000,88,3,3,1,3977.27,VARJOTA
475000,78,3,3,2,6089.74,PAPICU
540000,103,3,4,2,5242.72,ALDEOTA
460000,109,3,3,2,4220.18,COCO
480000,135,3,4,3,3555.56,PAPICU
540000,128,3,4,2,4218.75,MEIRELES
699999,160,4,5,3,4374.99,DIONISIO TORRES
730000,96,3,2,2,7604.17,COCO
380000,65,3,2,2,5846.15,ENG LUCIANO CAVALCANTE
450000,111,3,4,3,4054.05,PATRIOLINO RIBEIRO
650000,150,3,4,2,4333.33,ALDEOTA
420000,70,3,3,1,6000.0,MEIRELES
539000,94,3,2,2,5734.04,PRESIDENTE KENNEDY
350000,140,3,3,2,2500.0,PAPICU
750000,106,3,3,2,7075.47,VARJOTA
449999,140,4,4,3,3214.28,COCO
735000,97,3,4,2,7577.32,FATIMA
299999,55,2,2,1,5454.53,PRAIA DE IRACEMA
580000,115,3,4,2,5043.48,MEIRELES
210000,60,1,2,1,3500.0,PRAIA DO FUTURO
285000,57,2,2,2,5000.0,MESSEJANA
629999,111,3,4,2,5675.67,PATRIOLINO RIBEIRO
270000,107,3,1,1,2523.36,COCO
620000,88,3,4,2,7045.45,ALDEOTA
550000,162,3,5,3,3395.06,COCO
250000,91,3,2,1,2747.25,JOAQUIM TAVORA
250000,59,3,2,2,4237.29,PARQUE DOIS IRMAOS
380000,121,3,3,2,3140.5,COCO
350000,67,3,2,1,5223.88,FATIMA
385000,70,3,3,1,5500.0,MEIRELES
250000,83,3,1,1,3012.05,DIONISIO TORRES
199000,74,2,1,1,2689.19,FATIMA
454000,100,3,4,2,4540.0,FATIMA
330000,60,3,2,2,5500.0,PRESIDENTE KENNEDY
600000,136,3,5,2,4411.76,MEIRELES
790000,109,3,4,2,7247.71,ALDEOTA
600000,84,3,4,2,7142.86,ALDEOTA
480000,87,3,3,2,5517.24,CIDADE DOS FUNCIONARIOS
680000,171,3,4,3,3976.61,DIONISIO TORRES
700000,162,3,5,3,4320.99,MEIRELES
330000,65,3,3,2,5076.92,MARAPONGA
700000,117,3,4,3,5982.91,MEIRELES
750000,98,3,2,2,7653.06,COCO
140000,47,2,1,1,2978.72,MONDUBIM
730000,187,3,4,2,3903.74,DIONISIO TORRES
620000,86,2,3,2,7209.3,MUCURIPE
410000,70,3,3,2,5857.14,ENG LUCIANO CAVALCANTE
260000,72,2,1,1,3611.11,JOSE BONIFACIO
190000,60,3,2,2,3166.67,JACARECANGA
701513,77,2,3,2,9110.56,ENG LUCIANO CAVALCANTE
670000,137,3,3,3,4890.51,COCO
370000,110,3,3,2,3363.64,DIONISIO TORRES
450000,81,3,3,2,5555.56,EDSON QUEIROZ
620000,112,3,4,3,5535.71,PATRIOLINO RIBEIRO
350000,140,3,3,2,2500.0,DIONISIO TORRES
350000,63,2,1,1,5555.56,MEIRELES
419999,125,4,3,2,3359.99,PATRIOLINO RIBEIRO
259900,64,3,2,2,4060.94,PASSARE
300000,91,3,3,2,3296.7,JOAQUIM TAVORA
699000,106,3,3,2,6594.34,VARJOTA
410000,69,2,2,1,5942.03,PARQUE IRACEMA
499999,130,4,5,2,3846.15,DIONISIO TORRES
210000,60,3,2,1,3500.0,PASSARE
145000,53,2,2,1,2735.85,MONDUBIM
600000,96,3,2,2,6250.0,COCO
450000,65,2,2,2,6923.08,MEIRELES
580000,123,3,3,2,4715.45,ALDEOTA
228195,58,3,2,2,3934.4,PASSARE
252499,59,3,2,2,4279.64,PARANGABA
699000,107,3,3,2,6532.71,VARJOTA
160000,64,3,2,1,2500.0,PAPICU
499999,126,4,4,2,3968.25,COCO
700000,149,5,5,2,4697.99,ALDEOTA
700000,126,3,2,2,5555.56,ENG LUCIANO CAVALCANTE
750000,112,4,4,2,6696.43,COCO
200000,48,2,1,1,4166.67,PARANGABA
260000,63,3,1,2,4126.98,MONTESE
340000,92,3,3,2,3695.65,COCO
598000,70,2,2,2,8542.86,ENG LUCIANO CAVALCANTE
730000,92,3,3,2,7934.78,PATRIOLINO RIBEIRO
250000,65,2,2,1,3846.15,EDSON QUEIROZ
211000,52,2,1,1,4057.69,CAJAZEIRAS
499000,126,3,4,2,3960.32,ALDEOTA
850000,241,3,4,2,3526.97,ALDEOTA
280000,82,2,1,1,3414.63,PAPICU
320000,65,2,2,2,4923.08,SAO JOAO DO TAUAPE
450000,70,3,3,2,6428.57,ENG LUCIANO CAVALCANTE
650000,135,3,4,2,4814.81,MEIRELES
430000,101,3,3,1,4257.43,BENFICA
195000,64,3,2,1,3046.88,SAO GERARDO
478000,111,3,3,2,4306.31,ALDEOTA
450000,70,3,2,2,6428.57,ENG LUCIANO CAVALCANTE
220000,89,3,2,1,2471.91,PRAIA DO FUTURO
774000,123,3,5,2,6292.68,COCO
649999,92,4,4,2,7065.21,FATIMA
420000,120,3,1,2,3500.0,MONTESE
290226,54,2,2,2,5374.56,MARAPONGA
520000,72,3,3,2,7222.22,PATRIOLINO RIBEIRO
579999,153,4,4,3,3790.84,PATRIOLINO RIBEIRO
589000,95,3,2,2,6200.0,PARQUE IRACEMA
850000,152,3,5,3,5592.11,PARQUELANDIA
260000,60,3,3,2,4333.33,PATRIOLINO RIBEIRO
721000,95,3,3,2,7589.47,ALDEOTA
530000,127,3,4,2,4173.23,DE LOURDES
469000,88,2,3,2,5329.55,MANUEL DIAS BRANCO
539000,75,3,3,2,7186.67,MEIRELES
579999,127,4,4,2,4566.92,ALDEOTA
504570,73,3,2,2,6911.92,ENG LUCIANO CAVALCANTE
699000,93,3,3,2,7516.13,DIONISIO TORRES
600000,169,3,4,1,3550.3,COCO
440000,158,3,3,1,2784.81,COCO
447000,70,3,1,2,6385.71,ENG LUCIANO CAVALCANTE
400000,126,3,3,1,3174.6,COCO
190000,52,2,2,1,3653.85,DAMAS
450000,70,3,2,2,6428.57,CIDADE DOS FUNCIONARIOS
580000,130,3,3,2,4461.54,VARJOTA
535000,80,3,3,2,6687.5,MANUEL DIAS BRANCO
370000,110,3,3,2,3363.64,DIONISIO TORRES
470000,128,3,4,2,3671.88,COCO
650000,156,4,4,2,4166.67,MEIRELES
750080,188,3,4,2,3989.79,MEIRELES
480000,80,3,4,2,6000.0,PATRIOLINO RIBEIRO
255000,70,3,2,2,3642.86,ENG LUCIANO CAVALCANTE
290000,94,3,1,1,3085.11,DIONISIO TORRES
700000,92,3,3,2,7608.7,EDSON QUEIROZ
400000,85,3,3,2,4705.88,PARANGABA
450000,140,3,2,2,3214.29,ALDEOTA
449999,90,3,3,2,4999.99,PAPICU
260000,56,2,2,2,4642.86,JOSE DE ALENCAR
245000,75,3,1,1,3266.67,CAMBEBA
359999,55,2,2,1,6545.44,FATIMA
798000,119,4,4,2,6705.88,ENG LUCIANO CAVALCANTE
495000,67,3,2,2,7388.06,BENFICA
732000,79,3,2,2,9265.82,MEIRELES
225000,57,2,1,2,3947.37,MESSEJANA
220000,103,3,1,1,2135.92,MONTESE
470000,70,3,2,2,6714.29,ENG LUCIANO CAVALCANTE
450000,120,3,4,2,3750.0,COCO
320000,139,3,2,2,2302.16,COCO
170000,114,3,2,2,1491.23,PRAIA DO FUTURO
660000,111,3,3,2,5945.95,COCO
220000,63,3,2,1,3492.06,MARAPONGA
399000,108,3,2,2,3694.44,COCO
639999,96,3,4,2,6666.66,FATIMA
550000,107,4,3,2,5140.19,JOSE BONIFACIO
1080000,146,3,4,3,7397.26,ENG LUCIANO CAVALCANTE
300000,66,3,1,1,4545.45,MONTE CASTELO
650080,96,3,3,2,6771.67,COCO
530000,72,2,2,2,7361.11,CENTRO
558000,86,2,2,2,6488.37,MUCURIPE
550000,140,3,4,3,3928.57,COCO
310000,126,3,1,2,2460.32,DIONISIO TORRES
500000,95,3,3,2,5263.16,PARQUE IRACEMA
219000,58,3,2,1,3775.86,PASSARE
650000,64,3,3,2,10156.25,MEIRELES
560000,117,3,3,2,4786.32,SALINAS
480000,70,3,4,2,6857.14,PATRIOLINO RIBEIRO
300000,70,3,2,2,4285.71,PAPICU
790000,128,3,4,3,6171.88,ALDEOTA
535081,84,3,3,2,6370.01,MANUEL DIAS BRANCO
540000,74,3,3,2,7297.3,PATRIOLINO RIBEIRO
767875,96,3,3,2,7998.7,COCO
620000,123,3,4,3,5040.65,COCO
480000,192,3,4,2,2500.0,ALDEOTA
449999,152,4,3,1,2960.52,MEIRELES
450000,64,3,3,2,7031.25,ENG LUCIANO CAVALCANTE
590000,128,3,3,2,4609.38,ALDEOTA
499000,150,3,4,3,3326.67,PAPICU
250000,91,3,1,1,2747.25,FATIMA
510000,75,2,2,2,6800.0,FATIMA
840000,97,3,4,2,8659.79,DE LOURDES
760000,111,3,4,2,6846.85,FATIMA
654000,100,3,4,2,6540.0,SAPIRANGA COITE
202200,61,2,2,1,3314.75,PASSARE
300000,138,3,1,1,2173.91,JOAQUIM TAVORA
690000,125,3,4,2,5520.0,ENG LUCIANO CAVALCANTE
390000,74,3,2,2,5270.27,CIDADE DOS FUNCIONARIOS
290000,60,2,2,2,4833.33,VICENTE PINZON
190000,59,3,2,2,3220.34,PAPICU
650000,143,3,1,2,4545.45,DIONISIO TORRES
790000,116,3,4,2,6810.34,MANUEL DIAS BRANCO
1096800,142,3,4,3,7723.94,ENG LUCIANO CAVALCANTE
640000,121,3,3,2,5289.26,PRESIDENTE KENNEDY
749000,98,3,3,2,7642.86,COCO
650000,141,3,4,2,4609.93,ALDEOTA
155000,83,3,2,1,1867.47,MARAPONGA
440000,135,3,4,2,3259.26,ALDEOTA
659999,110,4,4,2,5999.99,CENTRO
250000,60,2,2,1,4166.67,VICENTE PINZON
410000,72,3,3,2,5694.44,PATRIOLINO RIBEIRO
231000,58,3,2,2,3982.76,PASSARE
700000,133,3,4,2,5263.16,MEIRELES
470000,109,3,5,2,4311.93,COCO
549000,94,3,3,2,5840.43,PRESIDENTE KENNEDY
480000,127,3,4,2,3779.53,COCO
220000,63,3,2,2,3492.06,PASSARE
339000,48,2,2,2,7062.5,CENTRO
355000,54,2,1,2,6574.07,ALVARO WEYNE
440000,89,2,1,2,4943.82,COCO
700000,149,3,4,2,4697.99,COCO
420000,70,3,3,1,6000.0,MEIRELES
649999,140,4,4,3,4642.85,PAPICU
439999,70,3,2,2,6285.7,CENTRO
400000,37,1,1,1,10810.81,ALDEOTA
379000,130,3,3,2,2915.38,COCO
536233,87,3,3,2,6163.6,SAO GERARDO
750000,150,3,4,2,5000.0,VARJOTA
530000,106,3,4,2,5000.0,ALDEOTA
670000,98,2,3,2,6836.73,DIONISIO TORRES
260000,102,3,1,1,2549.02,CENTRO
400000,95,3,3,1,4210.53,ALDEOTA
299000,250,4,4,2,1196.0,PAPICU
692000,81,3,2,2,8543.21,ALDEOTA
300000,110,3,4,1,2727.27,PAPICU
699999,116,4,4,3,6034.47,DIONISIO TORRES
579999,103,4,4,2,5631.06,PARQUE IRACEMA
592297,75,3,1,2,7897.29,PRAIA DE IRACEMA
330000,101,3,2,1,3267.33,VARJOTA
510000,78,3,5,2,6538.46,MANUEL DIAS BRANCO
499000,130,3,4,2,3838.46,COCO
350000,107,3,4,2,3271.03,BENFICA
440000,70,3,4,2,6285.71,PATRIOLINO RIBEIRO
723000,130,3,5,2,5561.54,PAPICU
330000,85,2,1,1,3882.35,MEIRELES
410000,69,3,1,2,5942.03,ENG LUCIANO CAVALCANTE
265000,57,2,2,1,4649.12,MESSEJANA
550000,68,3,3,2,8088.24,PAPICU
720000,106,3,3,2,6792.45,VARJOTA
550000,65,3,2,2,8461.54,PAPICU
200000,100,2,1,1,2000.0,JACARECANGA
295000,110,3,2,1,2681.82,MEIRELES
629000,91,3,3,2,6912.09,EDSON QUEIROZ
650000,113,3,3,2,5752.21,FATIMA
510000,77,2,2,1,6623.38,MUCURIPE
270000,63,2,3,1,4285.71,PAPICU
265000,72,3,1,1,3680.56,SAO GERARDO
475000,69,3,3,2,6884.06,PATRIOLINO RIBEIRO
580000,140,3,4,2,4142.86,MEIRELES
319000,66,3,3,2,4833.33,EDSON QUEIROZ
320000,134,3,1,2,2388.06,ALDEOTA
507000,73,3,2,2,6945.21,PRESIDENTE KENNEDY
399000,90,3,4,2,4433.33,DIONISIO TORRES
700000,198,3,2,3,3535.35,ALDEOTA
375000,63,2,2,1,5952.38,MUCURIPE
490000,98,3,4,2,5000.0,FATIMA
494000,74,3,3,2,6675.68,ENG LUCIANO CAVALCANTE
603972,86,3,3,3,7022.93,SAO GERARDO
495000,141,3,3,1,3510.64,PARQUELANDIA
460000,113,3,4,1,4070.8,PAPICU
313000,71,3,1,2,4408.45,MESSEJANA
315000,75,3,2,1,4200.0,CAMBEBA
509250,70,3,1,2,7275.0,ENG LUCIANO CAVALCANTE
330000,106,3,2,1,3113.21,BENFICA
325000,136,3,4,1,2389.71,COCO
670000,113,3,4,2,5929.2,DIONISIO TORRES
540000,130,3,4,2,4153.85,DE LOURDES
690000,81,2,3,2,8518.52,MEIRELES
400000,125,3,1,2,3200.0,COCO
560000,80,3,4,2,7000.0,PATRIOLINO RIBEIRO
150000,50,2,1,1,3000.0,MESSEJANA
310000,72,3,2,1,4305.56,MARAPONGA
260000,65,3,2,2,4000.0,PASSARE
179370,48,2,2,1,3736.88,PASSARE
520000,120,3,3,2,4333.33,COCO
538000,207,3,4,2,2599.03,ALDEOTA
238000,68,3,1,1,3500.0,FATIMA
490000,72,3,3,2,6805.56,MUCURIPE
670000,125,1,1,4,5360.0,COCO
510000,126,3,3,2,4047.62,MEIRELES
159120,63,2,2,1,2525.71,JOSE DE ALENCAR
225000,63,3,2,1,3571.43,ALVARO WEYNE
330000,100,3,2,1,3300.0,PAPICU
220000,62,2,2,1,3548.39,PAPICU
750000,178,3,5,3,4213.48,MEIRELES
700000,86,2,2,2,8139.53,MUCURIPE
950000,136,3,3,2,6985.29,ALDEOTA
500000,116,3,4,2,4310.34,PAPICU
704987,90,3,3,2,7833.19,PATRIOLINO RIBEIRO
159000,57,2,2,1,2789.47,LAGOA REDONDA
599999,75,2,2,2,7999.99,COCO
670000,92,3,4,2,7282.61,COCO
560000,112,3,4,2,5000.0,CIDADE DOS FUNCIONARIOS
220000,63,3,1,1,3492.06,MARAPONGA
469000,75,3,3,2,6253.33,PATRIOLINO RIBEIRO
755666,88,2,3,2,8587.11,MANUEL DIAS BRANCO
649000,103,3,4,2,6300.97,PARQUE IRACEMA
554558,74,2,2,2,7494.03,ALDEOTA
550000,218,3,3,2,2522.94,ALDEOTA
660000,241,4,5,2,2738.59,MEIRELES
650000,216,3,3,4,3009.26,VARJOTA
510000,116,3,2,1,4396.55,MEIRELES
695000,100,3,4,2,6950.0,MEIRELES
680000,79,3,3,2,8607.59,ALDEOTA
680000,114,3,3,2,5964.91,FATIMA
340000,71,3,3,2,4788.73,COCO
285000,60,2,2,2,4750.0,PRAIA DO FUTURO I
110000,55,2,1,1,2000.0,CAJAZEIRAS
199000,61,2,1,1,3262.3,SAO JOAO DO TAUAPE
400000,70,3,3,2,5714.29,MEIRELES
570000,82,3,4,2,6951.22,PATRIOLINO RIBEIRO
350000,102,3,2,1,3431.37,BENFICA
995000,120,3,4,2,8291.67,ALDEOTA
348000,55,2,2,1,6327.27,PRESIDENTE KENNEDY
270000,113,3,3,1,2389.38,MEIRELES
328802,63,2,2,1,5219.08,PASSARE
529000,77,3,3,2,6870.13,MEIRELES
590453,90,4,3,2,6560.59,CAMBEBA
699000,109,3,4,2,6412.84,PATRIOLINO RIBEIRO
500000,111,3,4,2,4504.5,FATIMA
298000,67,3,1,1,4447.76,MONTE CASTELO
590000,117,3,4,3,5042.74,ALDEOTA
168000,57,2,2,1,2947.37,LAGOA REDONDA
440000,112,3,3,2,3928.57,MEIRELES
499000,75,3,4,2,6653.33,JOAQUIM TAVORA
900000,120,3,4,3,7500.0,PARQUE IRACEMA
940000,145,3,4,2,6482.76,MEIRELES
508280,70,2,2,2,7261.14,CIDADE DOS FUNCIONARIOS
837366,117,4,4,3,7156.97,SAO GERARDO
499000,74,3,2,2,6743.24,ENG LUCIANO CAVALCANTE
499000,74,3,2,2,6743.24,ENG LUCIANO CAVALCANTE
499000,74,3,2,2,6743.24,ENG LUCIANO CAVALCANTE
499000,126,3,5,2,3960.32,ALDEOTA
619000,150,3,4,3,4126.67,ALDEOTA
250000,79,2,2,1,3164.56,JOSE BONIFACIO
560000,88,3,3,2,6363.64,ALDEOTA
168000,56,2,2,1,3000.0,LAGOA REDONDA
250000,130,3,3,1,1923.08,PRAIA DO FUTURO I
320000,135,3,4,2,2370.37,PAPICU
511000,70,2,1,1,7300.0,JOAQUIM TAVORA
400000,65,3,2,1,6153.85,MEIRELES
248000,61,3,1,1,4065.57,MESSEJANA
490000,94,3,3,1,5212.77,MEIRELES
320000,64,3,2,1,5000.0,MONDUBIM
500000,167,3,5,3,2994.01,PAPICU
760000,95,3,3,2,8000.0,COCO
440000,72,2,2,2,6111.11,PRAIA DE IRACEMA
310000,117,4,3,1,2649.57,PAPICU
1080000,141,3,4,3,7659.57,ENG LUCIANO CAVALCANTE
800000,165,3,4,2,4848.48,MEIRELES
360000,68,2,2,1,5294.12,PRAIA DE IRACEMA
550000,136,4,3,2,4044.12,ALDEOTA
540000,80,3,3,2,6750.0,COCO
539000,94,3,2,2,5734.04,PRESIDENTE KENNEDY
630000,173,3,4,2,3641.62,ALDEOTA
400000,165,3,3,1,2424.24,DIONISIO TORRES
580000,125,3,3,2,4640.0,JOSE BONIFACIO
299000,55,2,2,1,5436.36,PRESIDENTE KENNEDY
299000,55,2,2,1,5436.36,PRESIDENTE KENNEDY
299000,55,2,2,1,5436.36,PRESIDENTE KENNEDY
550000,100,3,4,2,5500.0,COCO
550000,83,3,1,2,6626.51,COCO
910000,138,3,3,3,6594.2,PAPICU
338000,130,3,3,2,2600.0,MESSEJANA
199000,61,2,2,1,3262.3,MARAPONGA
525000,77,3,2,2,6818.18,PATRIOLINO RIBEIRO
780000,107,3,4,2,7289.72,ALDEOTA
620000,153,3,4,2,4052.29,ALDEOTA
285000,64,3,2,2,4453.12,CAMBEBA
750000,122,3,4,2,6147.54,COCO
400000,66,2,3,2,6060.61,MEIRELES
330000,70,3,2,2,4714.29,CAMBEBA
700000,161,4,4,3,4347.83,COCO
320000,100,3,3,1,3200.0,PAPICU
550000,94,3,3,2,5851.06,PARQUELANDIA
240000,63,3,2,1,3809.52,CAMBEBA
213000,57,2,2,1,3736.84,MESSEJANA
429999,95,4,3,1,4526.31,PATRIOLINO RIBEIRO
300000,119,4,5,2,2521.01,PAPICU
249000,58,3,2,2,4293.1,PASSARE
499000,126,3,4,2,3960.32,VARJOTA
400000,110,3,3,2,3636.36,PAPICU
165000,52,2,2,1,3173.08,MESSEJANA
389000,117,3,1,2,3324.79,FATIMA
700000,99,3,1,2,7070.71,COCO
710000,130,3,3,2,5461.54,ALDEOTA
430000,124,3,3,2,3467.74,ALDEOTA
260000,56,3,1,2,4642.86,JOSE DE ALENCAR
547999,150,4,5,2,3653.33,PATRIOLINO RIBEIRO
450000,125,3,1,2,3600.0,MARAPONGA
498000,105,3,3,2,4742.86,JOSE BONIFACIO
240000,60,3,1,2,4000.0,EDSON QUEIROZ
330000,53,2,1,1,6226.42,ALVARO WEYNE
270000,68,3,2,2,3970.59,MARAPONGA
650000,90,3,1,2,7222.22,FATIMA
669000,158,3,4,3,4234.18,COCO
560000,136,3,4,2,4117.65,ALDEOTA
640000,121,3,4,2,5289.26,SAO GERARDO
446000,57,2,2,1,7824.56,ALDEOTA
430000,70,3,4,2,6142.86,PATRIOLINO RIBEIRO
450000,70,3,2,2,6428.57,PATRIOLINO RIBEIRO
330000,77,3,1,1,4285.71,DAMAS
339000,57,2,2,1,5947.37,PARANGABA
427500,60,2,2,2,7125.0,ALDEOTA
760000,110,3,4,2,6909.09,COCO
350000,69,3,3,1,5072.46,PAPICU
770000,150,3,3,3,5133.33,PATRIOLINO RIBEIRO
198700,51,2,1,1,3896.08,PASSARE
220000,100,2,2,1,2200.0,COCO
772744,117,4,4,3,6604.65,SAO GERARDO
430000,70,3,4,2,6142.86,PATRIOLINO RIBEIRO
288365,60,3,2,2,4806.08,PARANGABA
625520,87,3,3,2,7189.89,FATIMA
490000,124,3,4,2,3951.61,VARJOTA
360000,125,3,3,2,2880.0,VARJOTA
170000,61,3,2,1,2786.89,MONDUBIM
330000,68,3,2,2,4852.94,ENG LUCIANO CAVALCANTE
770000,96,3,4,2,8020.83,ALDEOTA
350000,70,2,2,1,5000.0,MUCURIPE
412000,85,3,1,2,4847.06,SAO GERARDO
450000,75,3,3,2,6000.0,MEIRELES
190000,60,3,2,1,3166.67,PASSARE
290000,111,3,2,1,2612.61,PAPICU
499999,74,3,3,2,6756.74,ALDEOTA
595000,74,3,3,2,8040.54,MEIRELES
205000,59,3,2,1,3474.58,PRESIDENTE KENNEDY
134900,48,2,1,1,2810.42,MONDUBIM
750000,114,3,4,2,6578.95,MEIRELES
330000,116,3,3,3,2844.83,ALDEOTA
470000,88,3,3,2,5340.91,MEIRELES
670000,116,3,4,2,5775.86,COCO
490000,175,3,4,2,2800.0,JOAQUIM TAVORA
689999,120,4,4,2,5749.99,MEIRELES
260000,63,2,2,1,4126.98,PAPICU
470000,71,3,3,2,6619.72,PATRIOLINO RIBEIRO
295000,104,3,2,1,2836.54,PAPICU
490000,130,3,3,2,3769.23,ALDEOTA
726313,105,2,3,2,6917.27,CAMBEBA
650000,117,4,4,3,5555.56,MEIRELES
450000,118,3,3,2,3813.56,PAPICU
450000,125,3,3,2,3600.0,VARJOTA
390000,64,2,2,1,6093.75,ALDEOTA
700000,92,3,3,2,7608.7,EDSON QUEIROZ
627000,86,2,2,2,7290.7,MUCURIPE
341700,68,3,3,2,5025.0,PAPICU
190000,61,3,2,1,3114.75,PASSARE
750000,126,3,1,2,5952.38,COCO
630000,73,3,3,2,8630.14,MEIRELES
570000,82,3,3,2,6951.22,ENG LUCIANO CAVALCANTE
318000,73,3,2,2,4356.16,MESSEJANA
420000,80,2,3,2,5250.0,COCO
500000,142,3,4,2,3521.13,PAPICU
649999,130,4,4,2,4999.99,ALDEOTA
295000,65,3,2,1,4538.46,PASSARE
365744,68,3,1,2,5378.59,JOQUEI CLUBE
350000,63,2,1,2,5555.56,MEIRELES
873000,92,3,4,2,9489.13,ALDEOTA
641128,96,3,3,2,6678.42,FATIMA
690000,114,2,2,2,6052.63,FATIMA
160000,50,2,1,1,3200.0,MESSEJANA
580000,126,3,4,3,4603.17,DIONISIO TORRES
660000,90,3,3,2,7333.33,PATRIOLINO RIBEIRO
610000,120,3,4,3,5083.33,ALDEOTA
199000,60,3,1,1,3316.67,JOQUEI CLUBE
420000,70,3,2,2,6000.0,PARQUE IRACEMA
490000,130,3,2,2,3769.23,ALDEOTA
360000,62,2,2,2,5806.45,MANUEL DIAS BRANCO
520000,81,3,1,2,6419.75,ENG LUCIANO CAVALCANTE
620000,146,3,4,5,4246.58,PATRIOLINO RIBEIRO
760000,119,3,3,3,6386.55,ENG LUCIANO CAVALCANTE
399000,63,3,3,2,6333.33,COCO
550000,94,3,4,2,5851.06,PARQUELANDIA
654000,100,3,4,2,6540.0,JOSE DE ALENCAR
530000,72,3,3,4,7361.11,MUCURIPE
340000,72,2,3,2,4722.22,ENG LUCIANO CAVALCANTE
453000,54,2,2,1,8388.89,EDSON QUEIROZ
580000,87,3,3,2,6666.67,FATIMA
689999,132,4,4,3,5227.27,DIONISIO TORRES
290000,63,3,2,1,4603.17,CAMBEBA
290000,110,3,4,3,2636.36,PAPICU
550000,119,4,5,3,4621.85,ENG LUCIANO CAVALCANTE
460000,126,3,4,1,3650.79,ALDEOTA
330000,74,3,2,2,4459.46,MESSEJANA
215000,55,2,1,1,3909.09,PARQUE DOIS IRMAOS
530000,128,3,4,2,4140.62,MEIRELES
650000,115,3,4,2,5652.17,MEIRELES
150000,87,3,2,1,1724.14,EDSON QUEIROZ
340000,60,3,2,1,5666.67,ALDEOTA
599000,98,3,2,2,6112.24,COCO
490000,122,3,3,2,4016.39,MARAPONGA
460000,70,3,3,3,6571.43,PATRIOLINO RIBEIRO
373910,63,3,2,2,5935.08,PASSARE
480000,84,2,3,2,5714.29,COCO
505862,73,3,3,2,6929.62,CIDADE 2000
260000,81,3,3,1,3209.88,VILA UNIAO
159916,44,2,1,1,3634.45,PARQUE IRACEMA
649999,117,4,4,2,5555.55,PATRIOLINO RIBEIRO
952255,111,3,3,3,8578.87,MUCURIPE
479000,80,3,2,2,5987.5,BENFICA
550000,137,3,4,2,4014.6,ALDEOTA
393999,70,3,3,2,5628.56,ENG LUCIANO CAVALCANTE
460000,70,3,2,2,6571.43,PATRIOLINO RIBEIRO
243000,57,2,2,1,4263.16,MESSEJANA
260000,65,3,2,1,4000.0,MESSEJANA
850000,120,3,4,2,7083.33,JOAQUIM TAVORA
340000,65,2,2,1,5230.77,MEIRELES
600000,139,3,3,2,4316.55,ALDEOTA
600000,150,3,4,3,4000.0,ALDEOTA
650000,143,4,4,2,4545.45,DIONISIO TORRES
370000,61,3,3,1,6065.57,FATIMA
320000,65,3,2,1,4923.08,CENTRO
750000,131,3,4,2,5725.19,ALDEOTA
430000,81,3,1,2,5308.64,DAMAS
360338,58,2,2,1,6212.72,JOQUEI CLUBE
570000,80,3,2,2,7125.0,PRAIA DE IRACEMA
410000,94,3,3,2,4361.7,MEIRELES
379999,72,3,2,2,5277.76,PATRIOLINO RIBEIRO
300000,119,4,5,2,2521.01,PAPICU
572581,70,3,2,2,8179.73,ENG LUCIANO CAVALCANTE
169000,61,3,2,1,2770.49,SAO JOAO DO TAUAPE
340000,110,3,3,2,3090.91,ALDEOTA
579619,68,3,2,2,8523.81,BENFICA
410000,109,3,3,2,3761.47,COCO
630000,93,3,3,2,6774.19,VARJOTA
460000,79,2,3,2,5822.78,PATRIOLINO RIBEIRO
600000,96,3,3,2,6250.0,MEIRELES
380000,68,3,2,2,5588.24,PARANGABA
650000,70,2,3,2,9285.71,PARQUE IRACEMA
480000,120,3,5,3,4000.0,DIONISIO TORRES
645000,75,3,2,1,8600.0,MEIRELES
720000,96,2,3,2,7500.0,COCO
370000,62,3,2,1,5967.74,FATIMA
540000,75,3,2,2,7200.0,PRAIA DE IRACEMA
390000,131,2,3,2,2977.1,MESSEJANA
359000,61,2,2,2,5885.25,CAMBEBA
441428,67,2,2,1,6588.48,JOQUEI CLUBE
244830,57,2,2,1,4295.26,MESSEJANA
690000,110,3,3,2,6272.73,PATRIOLINO RIBEIRO
690000,150,3,4,2,4600.0,MEIRELES
530000,110,3,3,2,4818.18,PATRIOLINO RIBEIRO
230000,63,3,3,1,3650.79,CAMBEBA
469000,116,3,3,2,4043.1,COCO
300000,110,3,4,1,2727.27,PAPICU
279000,54,2,1,1,5166.67,PRESIDENTE KENNEDY
175000,60,3,2,1,2916.67,VILA UNIAO
620000,112,3,3,2,5535.71,PATRIOLINO RIBEIRO
650000,120,2,3,3,5416.67,MEIRELES
399000,69,3,2,2,5782.61,CENTRO
630000,149,4,4,2,4228.19,PATRIOLINO RIBEIRO
380000,114,2,2,1,3333.33,PAPICU
669000,100,3,3,2,6690.0,COCO
460000,70,3,2,2,6571.43,CIDADE DOS FUNCIONARIOS
465000,71,3,2,2,6549.3,PATRIOLINO RIBEIRO
240000,63,2,1,1,3809.52,PAPICU
249990,60,3,2,1,4166.5,CIDADE DOS FUNCIONARIOS
440000,72,2,3,2,6111.11,CENTRO
680000,98,2,4,2,6938.78,COCO
390000,73,3,2,2,5342.47,PARQUE IRACEMA
645000,76,3,3,2,8486.84,PRAIA DE IRACEMA
569000,95,3,4,2,5989.47,PAPICU
654000,100,3,4,3,6540.0,SAPIRANGA COITE
320000,80,3,3,2,4000.0,PARQUELANDIA
429974,68,2,2,1,6323.15,JOQUEI CLUBE
300000,105,3,3,1,2857.14,FATIMA
290000,60,3,2,2,4833.33,DAMAS
496039,54,2,2,1,9185.91,MUCURIPE
723000,79,3,3,2,9151.9,JOAQUIM TAVORA
717000,79,3,3,2,9075.95,JOAQUIM TAVORA
490000,170,3,3,2,2882.35,PAPICU
270000,59,3,2,1,4576.27,PARQUE DOIS IRMAOS
300000,130,3,1,2,2307.69,PAPICU
409000,73,3,1,2,5602.74,PRESIDENTE KENNEDY
409000,73,3,1,2,5602.74,PRESIDENTE KENNEDY
409000,73,3,1,2,5602.74,PRESIDENTE KENNEDY
550000,190,3,3,2,2894.74,PAPICU
500000,69,2,1,1,7246.38,MEIRELES
780000,138,3,3,3,5652.17,COCO
340000,60,3,3,2,5666.67,PATRIOLINO RIBEIRO
460000,70,3,2,3,6571.43,PATRIOLINO RIBEIRO
340000,140,4,3,2,2428.57,COCO
793472,120,3,5,2,6612.27,ENG LUCIANO CAVALCANTE
720000,120,3,4,2,6000.0,PARQUELANDIA
788000,75,3,2,2,10506.67,ENG LUCIANO CAVALCANTE
450000,141,3,3,2,3191.49,PAPICU
171520,53,2,2,1,3236.23,MESSEJANA
680000,93,3,3,2,7311.83,DIONISIO TORRES
530000,82,3,3,2,6463.41,PATRIOLINO RIBEIRO
660000,92,3,4,4,7173.91,COCO
700000,149,3,4,2,4697.99,COCO
221000,58,3,2,2,3810.34,PASSARE
135000,48,2,1,1,2812.5,MESSEJANA
726313,105,2,3,2,6917.27,CAMBEBA
349999,110,4,3,1,3181.81,ALDEOTA
220000,60,2,2,2,3666.67,PRAIA DO FUTURO I
641128,96,3,3,2,6678.42,FATIMA
589000,86,2,2,2,6848.84,MUCURIPE
220000,60,2,2,1,3666.67,PAPICU
730000,95,3,3,2,7684.21,COCO
140000,49,2,1,1,2857.14,PASSARE
753285,88,2,3,2,8560.06,MANUEL DIAS BRANCO
130000,48,2,1,1,2708.33,PARQUE DOIS IRMAOS
565000,135,3,5,3,4185.19,DIONISIO TORRES
235000,104,3,3,2,2259.62,COCO
578509,95,3,1,2,6089.57,SAPIRANGA COITE
400000,69,3,2,2,5797.1,MEIRELES
399999,70,3,3,2,5714.27,ALDEOTA
850000,145,3,4,3,5862.07,ENG LUCIANO CAVALCANTE
990000,146,3,3,3,6780.82,PATRIOLINO RIBEIRO
749000,104,3,4,3,7201.92,PATRIOLINO RIBEIRO
128000,44,2,1,1,2909.09,PASSARE
470000,93,3,3,2,5053.76,JOAQUIM TAVORA
620000,112,3,4,3,5535.71,PATRIOLINO RIBEIRO
450000,148,4,5,1,3040.54,ALDEOTA
181025,48,2,2,1,3771.35,PASSARE
182395,48,2,2,1,3799.9,PASSARE
185700,48,2,2,1,3868.75,PASSARE
230000,63,3,2,1,3650.79,PASSARE
490000,112,3,1,2,4375.0,MEIRELES
560000,87,3,2,2,6436.78,FATIMA
699000,203,3,4,3,3443.35,ALDEOTA
470000,71,3,3,2,6619.72,PATRIOLINO RIBEIRO
250000,60,2,1,1,4166.67,ENG LUCIANO CAVALCANTE
150000,59,2,2,1,2542.37,MESSEJANA
330000,119,3,3,2,2773.11,PAPICU
185000,56,2,2,1,3303.57,MARAPONGA
669000,163,3,5,2,4104.29,MEIRELES
650000,105,3,3,2,6190.48,CAMBEBA
220000,63,3,2,1,3492.06,MARAPONGA
530000,72,2,3,2,7361.11,MEIRELES
200000,63,3,1,1,3174.6,MARAPONGA
630000,130,3,4,2,4846.15,MEIRELES
550000,70,2,2,2,7857.14,ENG LUCIANO CAVALCANTE
96000,55,2,1,2,1745.45,MESSEJANA
489999,72,3,3,2,6805.54,ALDEOTA
440000,73,3,1,2,6027.4,CIDADE DOS FUNCIONARIOS
400000,126,2,3,1,3174.6,ALDEOTA
200000,48,2,2,1,4166.67,MESSEJANA
990000,124,3,5,2,7983.87,MEIRELES
460000,66,3,2,1,6969.7,ALDEOTA
580000,92,3,3,2,6304.35,JOAQUIM TAVORA
495000,82,3,3,2,6036.59,PATRIOLINO RIBEIRO
239000,55,3,1,2,4345.45,MESSEJANA
670000,155,3,4,3,4322.58,PATRIOLINO RIBEIRO
190000,62,2,1,1,3064.52,CIDADE DOS FUNCIONARIOS
107000,45,2,1,1,2377.78,MESSEJANA
520000,106,3,2,2,4905.66,ALDEOTA
480000,112,3,2,2,4285.71,FATIMA
800000,152,3,4,2,5263.16,MEIRELES
518000,85,3,3,2,6094.12,PARQUELANDIA
650000,139,3,4,3,4676.26,ALDEOTA
565000,135,3,5,3,4185.19,DIONISIO TORRES
550000,136,3,3,2,4044.12,VARJOTA
799000,157,3,4,3,5089.17,ALDEOTA
550000,189,3,2,3,2910.05,MEIRELES
470000,69,3,2,2,6811.59,FATIMA
660000,111,4,3,3,5945.95,ENG LUCIANO CAVALCANTE
600000,177,4,6,3,3389.83,MEIRELES
305000,52,2,2,1,5865.38,PRESIDENTE KENNEDY
330000,97,3,3,1,3402.06,FATIMA
550000,150,3,4,2,3666.67,DIONISIO TORRES
213730,52,2,2,1,4110.19,CAJAZEIRAS
380000,60,2,2,1,6333.33,ALDEOTA
837366,117,4,4,3,7156.97,SAO GERARDO
329000,69,3,3,1,4768.12,PAPICU
543698,75,3,3,2,7249.31,ENG LUCIANO CAVALCANTE
265000,70,3,2,2,3785.71,PASSARE
410000,70,3,3,2,5857.14,ENG LUCIANO CAVALCANTE
499000,86,3,2,2,5802.33,FATIMA
150000,101,2,3,1,1485.15,FATIMA
210000,63,3,2,1,3333.33,PASSARE
450000,78,2,1,1,5769.23,MEIRELES
210000,50,2,2,1,4200.0,CIDADE 2000
361725,68,3,2,2,5319.49,PAPICU
620000,112,3,3,3,5535.71,PATRIOLINO RIBEIRO
349000,69,3,3,1,5057.97,PAPICU
210000,62,2,2,1,3387.1,CENTRO
390000,130,2,2,2,3000.0,MESSEJANA
790000,128,3,3,3,6171.88,MEIRELES
490000,140,3,1,3,3500.0,MARAPONGA
500000,140,3,3,3,3571.43,COCO
400000,64,3,4,2,6250.0,ENG LUCIANO CAVALCANTE
389000,70,3,2,2,5557.14,PATRIOLINO RIBEIRO
888900,92,3,4,2,9661.96,COCO
620000,80,2,3,2,7750.0,MUCURIPE
200000,55,2,2,1,3636.36,JOQUEI CLUBE
360000,68,3,1,2,5294.12,JOQUEI CLUBE
380000,112,3,3,2,3392.86,MUCURIPE
400000,71,3,3,2,5633.8,COCO
448000,72,3,2,2,6222.22,PRESIDENTE KENNEDY
450000,128,3,4,2,3515.62,COCO
548905,75,3,3,2,7318.73,ENG LUCIANO CAVALCANTE
490000,99,3,3,1,4949.49,JOSE BONIFACIO
500000,91,3,3,2,5494.51,MONTE CASTELO
990000,145,3,3,4,6827.59,ENG LUCIANO CAVALCANTE
750000,120,3,4,2,6250.0,PARQUELANDIA
495000,120,3,4,2,4125.0,DIONISIO TORRES
550000,170,3,5,2,3235.29,JOAQUIM TAVORA
780000,100,3,3,2,7800.0,DIONISIO TORRES
470000,75,3,1,2,6266.67,MEIRELES
711216,79,3,3,2,9002.73,MEIRELES
369402,68,3,1,2,5432.38,JOQUEI CLUBE
509000,71,3,2,2,7169.01,JOAQUIM TAVORA
249990,64,3,2,2,3906.09,PARANGABA
538684,73,3,3,4,7379.23,PATRIOLINO RIBEIRO
480000,125,3,1,3,3840.0,ALDEOTA
300000,134,3,3,2,2238.81,ALDEOTA
699000,77,2,3,2,9077.92,ALDEOTA
370000,105,3,1,1,3523.81,ALDEOTA
530000,70,2,2,1,7571.43,MUCURIPE
650000,110,3,4,2,5909.09,COCO
350000,62,2,2,2,5645.16,VICENTE PINZON
350000,62,2,2,2,5645.16,MANUEL DIAS BRANCO
710000,90,3,1,2,7888.89,ALDEOTA
325000,64,3,2,2,5078.12,CAMBEBA
540000,80,2,3,2,6750.0,MEIRELES
285000,60,3,2,1,4750.0,PASSARE
490000,110,3,4,2,4454.55,FATIMA
400000,121,5,3,2,3305.79,ALDEOTA
532829,70,3,2,2,7611.84,ENG LUCIANO CAVALCANTE
730000,90,3,2,2,8111.11,FATIMA
275000,70,3,2,2,3928.57,CAMBEBA
650070,77,3,2,2,8442.47,COCO
398000,138,3,4,2,2884.06,MEIRELES
670000,83,3,3,2,8072.29,PRAIA DO FUTURO
540000,83,3,2,2,6506.02,CENTRO
1059000,130,3,3,3,8146.15,ALDEOTA
680000,200,4,3,2,3400.0,DIONISIO TORRES
420000,74,3,2,2,5675.68,ENG LUCIANO CAVALCANTE
370000,63,2,1,2,5873.02,PAPICU
340000,100,2,1,2,3400.0,COCO
335000,135,3,3,1,2481.48,PRAIA DO FUTURO
536000,67,3,2,2,8000.0,ALDEOTA
629999,165,4,4,2,3818.18,ALDEOTA
750000,130,3,4,2,5769.23,ALDEOTA
320000,68,3,1,2,4705.88,MARAPONGA
290000,72,3,2,2,4027.78,MARAPONGA
480000,70,3,1,2,6857.14,PARQUE IRACEMA
315000,63,3,2,2,5000.0,MONTE CASTELO
450000,142,4,2,1,3169.01,MEIRELES
770000,117,3,3,3,6581.2,ALDEOTA
320000,63,2,2,2,5079.37,CAMBEBA
330000,94,3,1,1,3510.64,FATIMA
270000,56,3,2,1,4821.43,PAPICU
380000,58,2,2,1,6551.72,MEIRELES
489000,73,3,2,2,6698.63,PRESIDENTE KENNEDY
480000,71,3,2,1,6760.56,COCO
285000,94,3,4,1,3031.91,ALDEOTA
422000,64,3,2,2,6593.75,ALVARO WEYNE
620000,116,3,3,2,5344.83,COCO
660000,90,3,3,2,7333.33,PATRIOLINO RIBEIRO
115000,43,2,1,1,2674.42,MESSEJANA
695500,79,3,3,2,8803.8,JOAQUIM TAVORA
285000,105,4,3,1,2714.29,PAPICU
340000,62,2,2,1,5483.87,PRAIA DE IRACEMA
400000,170,3,3,2,2352.94,ALDEOTA
550000,119,3,5,2,4621.85,MUCURIPE
335000,48,2,2,1,6979.17,CENTRO
205000,60,3,2,2,3416.67,PAPICU
450000,122,3,3,3,3688.52,ALDEOTA
499000,119,3,3,2,4193.28,PAPICU
520000,80,3,3,2,6500.0,EDSON QUEIROZ
780000,112,3,3,2,6964.29,MEIRELES
750000,172,3,3,2,4360.47,ALDEOTA
578000,95,2,2,2,6084.21,SAPIRANGA COITE
550000,90,3,2,2,6111.11,FATIMA
210000,55,3,1,1,3818.18,MESSEJANA
550000,76,3,3,2,7236.84,ENG LUCIANO CAVALCANTE
1048972,115,2,4,2,9121.5,ALDEOTA
450000,131,3,3,1,3435.11,MEIRELES
250000,103,3,1,1,2427.18,JOAQUIM TAVORA
220000,115,3,3,1,1913.04,PAPICU
760000,119,3,3,2,6386.55,MEIRELES
990000,236,4,6,3,4194.92,ALDEOTA
500000,98,2,2,1,5102.04,MEIRELES
650000,87,3,3,2,7471.26,FATIMA
243842,58,3,2,1,4204.17,PASSARE
630000,130,3,4,2,4846.15,VARJOTA
500000,183,3,3,2,2732.24,PAPICU
319000,63,2,2,2,5063.49,COCO
500000,97,3,4,2,5154.64,COCO
665000,157,3,4,3,4235.67,ALDEOTA
390000,98,3,1,2,3979.59,MEIRELES
188000,53,2,1,1,3547.17,ALVARO WEYNE
